station,load
KIRANDUL       ,2
BILHAUR        ,2
AUNRIHAR JN    ,41
KASHI          ,25
CHENGANNUR     ,66
GYANPUR ROAD   ,32
NASIK ROAD     ,133
MOTURU         ,1
KAMASAMUDRAM   ,2
GONDA JN       ,96
KARAMBELI      ,5
KURSEONG       ,8
BARPALI        ,14
VEDAYAPALEM    ,6
CHILBILA JN    ,7
GARHMUKTESAR BR,4
NIPANIA        ,2
AONLA          ,22
BIHAR SHARIF   ,7
SIROHI ROAD    ,33
ANUGRAHA N ROAD,35
HOMBAL         ,4
LATHIDAD       ,4
SILLI          ,2
KHARAGPUR JN   ,175
SURAREDDIPALEM ,2
NAHARKATIYA    ,10
TUTI MELUR     ,6
SIRARI         ,2
TUNI           ,60
DALELNAGAR     ,2
TIRUVANNAMALAI ,11
BAHERI         ,2
DHARNAODA      ,1
SAHIBZADA ASNGR,14
KATNI SOUTH    ,12
PASRAHA        ,4
JAJIWAL        ,4
PALAM          ,9
MADAVNAGAR ROAD,2
MAHASAMUND     ,28
PENDEKALLU     ,6
BANGRIPOSI     ,2
DHARMPUR HMCHL ,6
JALINDRI       ,2
MARGHERITA     ,2
FORBESGANJ     ,4
DIGOD          ,3
PATLIPUTRA     ,4
JHULASAN       ,2
KULEM          ,15
BIJAPUR        ,24
KATWA          ,25
PANPOSH        ,6
MURUD          ,2
ACHHNERA JN    ,33
DEVARGUDDA     ,2
CUTTACK        ,140
SRIVILLIPUTTUR ,2
TANKUPPA       ,7
DEVLALI        ,42
BORAWAR        ,2
RUPAUND        ,9
SUKU           ,2
THAKURKUCHI    ,2
DHARUR         ,4
PHALODI JN     ,17
CHHAPRA        ,121
BIRANG KHERA   ,4
CHANOL         ,2
CAVALRY BARRCKS,3
TIVARI         ,7
NASIRABAD      ,19
NEW AMRAVATI   ,5
LADNUN         ,8
NABADWIP DHAM  ,25
NAGERCOIL JN   ,47
KUTRALAM       ,4
TUNG           ,6
RAYANAPADU     ,2
KOELWAR        ,8
UNDI           ,2
TIRUCHCHIRAPALI,85
MALOUT         ,15
KALPI          ,13
KUPGAL         ,4
MOHOPE         ,2
JAMDHA         ,4
PALAKOLLU      ,10
BAHADURPUR     ,3
TIRUVALLUR     ,35
RAMGANJ MANDI  ,47
ATARI          ,2
PEDAKAKANI HALT,8
MOHANUR        ,2
CHITTAURGARH   ,46
ARAKKU         ,2
TILAK BRIDGE   ,30
KOVVUR         ,53
LANJIGARH ROAD ,7
CHINCHVAD      ,16
KESHORAI PATAN ,12
VASAN IYAWA    ,2
SANEH ROAD     ,4
AWATARNAGAR    ,2
DELHI SAFDARJNG,6
WADIARAM       ,4
PURULIA JN     ,49
PEMBARTI       ,4
KONDAPALLI     ,6
DANIYAWAN BZR H,4
KALIPAHARI     ,5
KULITTHURAI    ,16
DHILWAN        ,1
SOMESAR        ,6
KALYAN JN      ,254
DIGARU         ,4
NAGARI         ,4
SASTHANKOTTA   ,12
PADUBIDRI      ,4
UNHEL          ,5
SAWANTWADI ROAD,18
ANDHERI        ,26
NATHWANA       ,4
SABAUR         ,8
PEDDAPALLI     ,17
JANDRAPETA     ,2
SHRI GANGANAGAR,17
GHAT NANDUR    ,4
DODBALLAPUR    ,11
PENUMARRU      ,4
TAMKUHI ROAD   ,4
DHODRA MOHAR   ,2
KULITTURAI WEST,3
PATAUDI ROAD   ,21
SATARA         ,40
NATHNAGAR      ,8
NUJELLA        ,2
BARABANKI JN   ,78
GUPTIPARA      ,2
GARPOS         ,12
DODBELE        ,3
SUDSAR         ,6
KAMPTEE        ,16
ICHAULI        ,3
PAKALA JN      ,33
AHALYAPUR      ,2
MUZAFFARNAGAR  ,44
BADODAR        ,2
BHOGPUR SIRWAL ,2
SALKAROAD      ,8
ETAWAH         ,61
RAMNA          ,2
TEKKABIGHA     ,3
BHOPAL  JN     ,232
MALIYA MIYANA  ,14
SALPURA        ,4
SITARAMPUR     ,19
KHED           ,15
AULENDA        ,2
KHALLIKOT      ,14
ALIGANJ        ,1
TAPRI          ,15
MARWAR CHAPRI  ,2
SRINAGAR       ,4
SONIPAT        ,37
HARWADA        ,2
VISHNUPURAM    ,14
GAIPURA        ,1
PIARDOBA       ,4
ZAMANIA        ,24
SIWAITH        ,4
YELHANKA JN    ,43
LAKHIMPUR      ,3
VANI ROAD      ,2
JONHA          ,2
DHOLI          ,16
GULDHAR        ,1
SANVATSAR      ,5
MULACALACHERUVU,6
GANESHGANJ     ,8
NEPANAGAR      ,17
GAURIPUR       ,4
BHUTESHWAR     ,1
COLONELGANJ    ,14
UNA HIMACHAL   ,8
RISIA          ,2
PALDHI         ,4
BHUBANESWAR    ,210
DHAMARA GHAT   ,4
KUSUGALI       ,2
BAGHNAPARA     ,1
MALIYA HATINA  ,10
GAYABARI       ,1
MADANAPALLE RD ,10
MAHAJAN        ,14
NAVAPUR        ,13
RAMANAGARAM    ,22
BIKRAMPUR      ,2
MUZAFFARPUR JN ,100
BELTHARA ROAD  ,21
SAVARDA        ,6
SULTANGANJ     ,44
BIKANER JN     ,54
CHAURAKHERI    ,1
SANJAN         ,9
BHALUKA ROAD F ,7
MAUR           ,12
LUNSERIYA      ,2
FARIDKOT       ,14
SONDAD         ,4
LASALGAON      ,21
NELLORE SOUTH  ,2
KARAVADI       ,2
CHENGALPATTU   ,72
THEKERAGURI    ,2
DEVAKOTTAI ROAD,14
SAIDAPUR       ,14
BAGAHAI ROAD   ,6
BANSTHALI NIWAI,25
PHAPHAMAU JN   ,23
KATHARA ROAD   ,3
JAISALMER      ,15
MASIT          ,2
MAHBUBNAGAR    ,48
KALYANPUR ROAD ,4
TENGANMADA     ,8
HAMARAPUR      ,4
SAMDHARI JN    ,16
TUGGALI        ,4
TETTU          ,2
KHATGAON       ,5
BANKHEDI       ,6
GUBBI          ,3
URGA           ,1
PATSUL         ,4
PARSIPUR       ,11
KATPHAL        ,2
RANGMAHAL      ,4
KAILASAPURAM   ,2
MOHITNAGAR     ,2
KEDGAON        ,15
RAJGHAT NARORA ,2
NADIKUDI JN    ,26
MANINAGAR      ,40
ELIMALA        ,2
MUKUNDARAYAPURM,4
LALPUR         ,4
BARIARPUR      ,34
GOVERDHAN      ,2
BONIDANGA      ,1
THANDLA RD     ,8
GHANPUR        ,12
PANIAJOB       ,2
GHUGHULI       ,3
MAKRONIA       ,9
MALIKPETH      ,2
RETHORAKALAN   ,2
NALBARI        ,6
LADDA          ,2
PAHARPUR       ,12
DARYABAD       ,19
MAJBAT         ,2
PANBARI        ,2
GOSHAINGANJ    ,21
BYADARAHALLI   ,4
JAKHANIAN      ,11
MURSHIDABAD    ,10
SANKARIDURG    ,6
ALAMNAGAR      ,14
KUMAR SADRA    ,2
KUDAL          ,22
YADGIR         ,48
RAGHUNATHPALLI ,6
PITAMBARPUR    ,16
URMA           ,2
TALGUPPA       ,6
MANANPUR       ,21
SAIDRAJA       ,8
VADAKARA       ,50
PUNPUN         ,5
BIJWASAN       ,1
DOSVADA        ,3
TOHANA         ,23
PIRPAINTI      ,18
CHINTALPALLI   ,2
SNARAYAN CHAPIA,2
UDAIPUR CITY   ,27
ANUPPUR JN     ,61
VAPI           ,132
LOTARVA        ,4
RATANGARH JN   ,16
GHATAMPUR      ,5
YEOLA          ,10
KOLARAS        ,5
MANNARGUDI     ,8
BETNOTI        ,2
NAMBURU        ,8
VAMBORI        ,6
PARDI          ,9
AMBAGAON       ,2
CHANDAUSI JN   ,28
N. PANAKUDI    ,2
CHAND SIAU     ,7
BHADOHI        ,37
AJAKOLLU       ,1
ELLAMANCHILI   ,30
UDHAMPUR       ,27
TATISILWAI     ,6
SATHIAON       ,6
BAMUR          ,2
SONADA         ,6
TATICHERLA     ,4
ITOLA          ,6
BISHRAMPUR     ,6
ALNAVAR JN     ,22
ATARRA         ,19
KHARSIA        ,20
MANKI          ,2
NIMPURA        ,21
UMARIA         ,38
THIPPARTHI     ,2
TADAKALPUDI    ,4
PANRUTI        ,4
PAMBAN JN      ,2
PERNEM         ,10
BALAPALLE      ,2
KANCHRAPARA    ,4
TUMMALACHERUVU ,2
KOTSHILA       ,10
KOSLI          ,2
BANGALORE CANT ,70
MOGA           ,4
SAMUKTALA ROAD ,2
SURENDRANAGAR  ,78
THONDEBHAVI    ,2
HARDOI         ,74
NAKACHARI      ,4
KILA RAIPUR    ,9
KOTHAR         ,3
BURHWAL        ,12
BAPUDM MOTIHARI,20
BARMER         ,10
AMBIKAPUR      ,6
NANGAL DAM     ,12
RAJIYASAR      ,4
DANGARWA       ,2
SILIARI        ,6
KANKATHER      ,1
DHUBRI         ,4
PMBAKVL SHANDY ,2
JUGIJAN        ,2
SHOGHI         ,5
GAURI BAZAR    ,13
GANGAJHARI     ,2
CHANDRAPUR     ,70
SALI           ,2
SHIMOGA TOWN   ,10
SOMIDEVIPALLE  ,6
MANGROLLA      ,4
THALWARA       ,2
POODOOR        ,1
COSSIMBAZAR    ,6
GOKARNA ROAD   ,10
MULKI          ,10
SAYAN          ,8
BURHAR         ,23
SATUNA         ,6
ARAKKONAM      ,110
AHMADPUR JN    ,23
AITHAL         ,8
MECHERI ROAD   ,2
HIRA NAGAR     ,13
KANPUR CENTRAL ,283
MALHOUR        ,1
GAMBHIRI ROAD  ,2
KARIMUDDIN PUR ,1
JAGADHRI       ,63
MHMDVD KHEDA RD,26
PUSAULI        ,3
PATELNAGAR     ,3
BHAKTI NAGAR   ,14
LUSA           ,7
DEROWAN P. H.  ,4
KAREPUR        ,4
MIRCHADHORI    ,4
NAMTIALI       ,6
MAVLI JN       ,29
DEVANGONTHI    ,3
NADWAN         ,2
JUNAGADH JN    ,14
DAHANU ROAD    ,37
LAKHTAR        ,7
TILONIYA       ,6
AMDARA         ,8
MCCLUSKIEGANJ  ,4
DHUPGURI       ,33
DOIWALA        ,10
CHATRAPUR      ,39
ETTUMANUR      ,4
LADHOWAL       ,1
COIMBATORE JN  ,124
BAIHATOLA      ,12
SAKTESGARH     ,5
NISUI          ,3
JAMUNIA KALAN  ,1
GUWAHATI       ,86
GOLLAPROLU     ,11
TELTA          ,6
NAJIBABAD JN   ,42
KORBA          ,7
RAHIMABAD      ,4
CHAKARBHATHA   ,2
KANNUR         ,92
RAWANIA DUNGAR ,4
MAYILADUTURAI J,34
RAJALDESAR     ,8
BARHAN         ,1
SINI JN        ,20
UJALVAV        ,6
PAPINAYAKNAHALI,4
BIJAYSOTA      ,2
DARBHANGA JN   ,48
SATUR          ,51
SIVAGANGA      ,14
MADWARANI      ,1
MIRTHAL        ,2
GOPALAPATNAM   ,2
MANJESHWAR     ,7
DALKOLHA       ,29
JIRADEI        ,6
BAKTAL         ,3
SARDARGRAM     ,2
MALAKPET       ,4
BAGAHA         ,16
KASARAGOD      ,72
ITARSI JN      ,262
PADADHARI      ,12
GUMANI         ,5
REDDIPALLE     ,2
RAYADRUG       ,2
BALGANUR       ,4
GHATSILA       ,17
KAYAR          ,2
CHHANDRAULI    ,1
RAMPURA PHUL   ,17
BAGRI NAGAR    ,2
BARGARH        ,4
GINIGERA       ,4
CHINCHLI       ,4
RAJULA JN      ,2
PARADSINGA HALT,4
SHANKARPALLI   ,16
DEVALGAON AUCHR,5
FATEHPUR SIKRI ,6
SASNI          ,1
JALANDHAR CANT ,117
KHURIAL        ,4
KHIRSADOH JN   ,3
RUKMAPUR       ,2
GHAZIABAD      ,171
KANALAS JN     ,6
VEJANDLA       ,4
ANAND JN       ,169
RASIPURAM      ,6
ARAVANKADU     ,4
NALLACHERUVU   ,2
BAIRAGARH      ,44
RENUKUT        ,16
SULGARE        ,3
PRASANNAYANAPAL,4
ANNIGERI       ,17
TANUKU         ,19
LOKMANYATILAK T,127
NAIHATI JN     ,47
MHOW           ,4
MIDNAPORE      ,36
GOMTA          ,2
VIRAMDAD       ,2
UKHRA          ,2
KRISHNA CH PURA,2
JOLARPETTAI    ,160
BARGAWAN       ,2
PAKNI          ,2
LUMDING JN     ,45
CHITRASANI     ,2
BALLABGARH     ,27
GONDIA JN      ,103
KARISATH       ,6
BADULIPAR      ,2
KHALISPUR      ,8
MAGHAR         ,8
WARIA          ,9
KALLIGUDI      ,1
ALUVA          ,121
BIDADI         ,16
DEROL          ,10
MARWAR BHINMAL ,8
BOINDA         ,23
BHADAN         ,2
ROHAT          ,2
AKOT           ,4
UTRAHTIA       ,4
ALLEPPEY       ,49
TULJAPUR       ,2
TIRUCHENDUR    ,2
JAGADISHPUR    ,4
SADAR BAZAR    ,3
FATWA          ,64
HOSDURGA ROAD  ,5
DASUYA         ,27
TO KURSEONG    ,2
KOTTARAKARA    ,2
NANJANGUD TOWN ,2
SHAHJEHANPUR   ,96
BARABIL        ,6
NAWABGANJ GONDA,2
ISARDA         ,11
NMG TAMDALGE   ,1
KHADARPET      ,2
SAHARANPUR     ,107
DIGBOI         ,2
BARKUR         ,6
METUPALAIYAM   ,4
BARUA BAMUNGAON,2
CHIKHLI        ,2
BHARWA SUMERPUR,3
RUDRAPUR CITY  ,18
KOTHARI ROAD   ,1
ANARA          ,17
BINA JN        ,136
URULI          ,38
BHANDAK        ,5
NANGLOI        ,14
NAGARIA SADAT  ,6
LONAVALA       ,109
PARAVUR        ,22
YERPEDU        ,6
GANGADHARPUR   ,4
LAKKADKOT      ,4
CHAKARPUR      ,2
RAICHUR        ,62
KOLLIKHUTAHA   ,2
TAKSAL         ,2
SELU           ,32
ELURU          ,123
PALGHAT TOWN   ,2
LONDA JN       ,43
NEW TINSUKIA JN,29
GHANAULI       ,2
NPA SHVRAMPALLI,1
JAUNPUR JN     ,42
RAJGIR         ,7
MAHIDPUR ROAD  ,11
KANPUR ANWRGANJ,26
GURRA          ,2
LINGAMPALLI    ,29
JANDIALA       ,12
KHANYAN        ,1
MARKONA        ,4
REGADIPALLI    ,2
CHALGERI       ,2
GADWAL         ,40
BALUGAON       ,63
SISVINHALLI    ,8
BAHMAN DIWANA  ,1
BARAUT         ,4
VINHERE        ,4
BARSI TOWN     ,16
KANYAKUMARI    ,18
PIPARSAND      ,1
JAGI ROAD      ,29
MANOHARABAD    ,2
VAIKOM         ,10
KRISHNAMMAKONA ,4
HAVERI         ,37
BETTIAH        ,18
AMALNER        ,40
MOTH           ,10
RAJCHANDRAPUR  ,2
KARELI         ,23
VARANGAON      ,7
KATORA         ,6
RAMPUR         ,65
NIMBAL         ,11
RANGIYA JN     ,58
BHUPIA MAU     ,4
PUNE JN        ,208
SAMALKHA       ,15
GARH JAIPUR    ,2
BURGULA HALT   ,1
SIMBHOOLI      ,6
LEHRA GAGA     ,9
SHIKOHABAD JN  ,42
UMARDASHI      ,2
AKBARGANJ      ,6
BHILAD         ,11
HATHBANDH      ,6
DHANDARI KALAN ,4
UDUPI          ,60
SHAHZAD NAGAR  ,2
THRISUR        ,149
VARKALASIVAGIRI,53
KHANDALA       ,17
BHACHAU BG     ,26
KIRAKAT        ,2
BARACHAK       ,4
RAVER          ,12
FURSATGANJ     ,7
BANDAKPUR      ,9
HARANGUL       ,4
MURAGACHA      ,4
CHAKARLAPALLI  ,2
HAKIMPUR       ,2
SUBARNAMRIGI   ,3
INDORE JN MG   ,4
MAIHAR         ,79
YUSUFPUR       ,20
KHURHAND       ,7
BABHNAN        ,19
ARAG           ,2
MANMAD JN      ,186
KARANJADI      ,4
AMLI           ,4
BRAHMAPUR      ,120
SARERI         ,2
SHMATA VD KATRA,19
GIDDARBAHA     ,15
JHAPATER DHAL  ,2
KAIKORAM       ,3
DHURWASIN      ,12
KULPAHAR       ,11
GUDIPUDI       ,2
TALBAHAT       ,10
RANIGANJ       ,48
PUNTAMBA       ,26
UDALKACHAR     ,4
MORGRAM        ,4
BAIKUNTHPUR RD ,6
TIPKAI         ,2
CHHARRA        ,2
PALANPUR JN    ,96
MIRHAKUR       ,2
SADAT          ,6
GUDUR JN       ,160
VIRPUR         ,10
NONERA         ,2
BISHNATHGANJ   ,4
JHANSI JN      ,217
SUJNIPARA      ,2
BHIMADOLU      ,8
SRI DUNGARGARH ,8
VALSAD         ,114
BARAGOPAL      ,2
MUNDHA PANDE   ,4
GOLAKGANJ JN   ,4
KATHGHAR       ,2
PINDRAI        ,9
JEYPORE        ,8
DILDARNAGAR JN ,41
SGM JAGARLAMUDI,2
HONNAVAR       ,15
KARWAR         ,50
KESRI SINGHPUR ,2
KALANAUR KALAN ,4
BOMMIDI        ,9
KAHALGAON      ,24
LAMTA          ,7
DHANMANDAL     ,4
THERUBALI      ,18
KOTALPUKUR     ,4
JALESWAR       ,32
MUMBAI CENTRAL ,43
BAYYAVARAM     ,2
RAGAUL         ,5
RANCHI ROAD    ,4
MUFTIGANJ      ,4
DORAHA         ,8
SHIVPURA       ,3
GOALPARA TOWN  ,37
TAKLI BHANSALI ,2
BIROLIYA       ,2
MULANTURUTTI   ,2
BURHANPUR      ,54
RAU            ,4
BARANG         ,6
KESAMUDRAM     ,20
MAKLIDRUG      ,2
DEVARKADRE     ,1
KOTDWARA       ,6
KHORASON ROAD  ,16
DEBARI         ,2
SAROLA         ,6
DOBHI          ,4
ETTAPUR ROAD   ,2
JAPLA          ,12
KAMALUR        ,2
JORAMOW        ,2
BIDAR          ,18
BAGUMRA        ,5
KUMHAR MARENGA ,2
NAKSALBARI     ,2
JASRA          ,3
KHURJA CITY    ,3
AMGURI         ,10
SHIRRAVDE      ,1
NIMACH         ,25
GWALIOR        ,142
VADGAON NILA   ,4
GULAPALYAMU    ,2
KANTH          ,8
RAMPUR BAZAR   ,2
JORHAT TOWN    ,4
PARASNATH      ,49
TRIKARPUR      ,4
TALVADYA       ,6
BAGALIA        ,2
MAKRANA JN     ,44
SITANAGARAM    ,4
DURGAUTI       ,12
JAUNPUR CITY   ,24
PIRTALA        ,4
DEKARGAON      ,2
REOTI          ,2
ADAS ROAD      ,4
DEVBALODA CHRDA,6
SAMALKOT JN    ,135
LILIYA MOTA    ,2
CHIK BANAVAR   ,5
BADLAPUR       ,6
RAMNAGAR       ,12
LAKSAR JN      ,67
JAKHALAUN      ,8
RAMAGUNDAM     ,70
KUDACHI        ,19
SAHARSA JN     ,12
GOVINDGARH     ,11
RAJGRAM        ,8
NAVIPET        ,6
JAGESHARGANJ   ,4
TARLUPADU      ,8
MALIHABAD      ,8
BHIMSEN        ,12
KIVARLI        ,2
ARUMUGANERI    ,2
TARAPITH ROAD  ,4
TENKASI JN     ,2
BULANDSHAHR    ,6
SAHARSRAKUND   ,6
KAIMGANJ       ,2
CHANGANASERI   ,30
NANDGAON       ,21
VINUKONDA      ,14
KUSHTALA       ,2
KASIMPUR       ,4
LALGUDI        ,4
GAJULAGUDEM    ,2
SONTALAI       ,2
KALLAKKUDI PLGH,2
KURDUVADI      ,64
HISAR          ,18
ERNAKULAM JN   ,97
RAIGARH        ,45
SHIRUD         ,4
KOTTAYAM       ,68
AKALTARA       ,25
DADHDEVI       ,1
LALGANJ        ,2
GUDRU HALT     ,4
BUNDKI         ,1
GERATPUR       ,5
BHARAT KUP     ,4
PARISAL        ,2
KAJGAON        ,2
TUNIA          ,4
KAVUTARAM      ,6
KALAMNA        ,2
DIGUVAMETTA    ,6
JANGHAI JN     ,38
SAVDA          ,2
HIMAYATNAGAR   ,8
DUNGRIPALI     ,2
MUGHAL SARAI JN,233
RNINGR JLPAIGRI,8
NAVALUR        ,2
KUNDARA        ,2
VENDODU        ,13
PARVATIPURAM TN,25
GUMTO          ,3
NALLAPADU      ,8
YEVAT          ,8
NALGONDA       ,32
CHAREGAON      ,7
BRAHMANAGUDEM  ,2
UDVADA         ,11
SHAHBAD MARKNDA,10
KUNDARKHI      ,2
KALLAL         ,2
PALACHAURI     ,2
BIJOOR         ,4
GAYA JN        ,100
KEM            ,8
MALLIYALA      ,4
RAIKA BAGH     ,26
GAJAPATINAGARAM,4
KUCHMAN        ,2
TARSARAI       ,4
NIDAMANGALAM   ,8
KENDPOSI       ,2
AUJARI         ,2
MITHAPUR       ,8
NEW MAYNAGURI  ,6
PIMPRI         ,10
SHIMOGA        ,6
AMONI          ,2
SAHJANWA       ,11
PABAI          ,2
VIKRAMGARH ALOT,24
LAR ROAD       ,13
JALESAR ROAD   ,6
SIRSUPHAL      ,2
KARENGI        ,4
ALER           ,18
KALASAMUDRAM   ,2
ADIPUR         ,12
GANNAVARAM     ,4
BANMOR         ,3
SITAPUR CANT   ,8
Station Name,1
KUNDA HARNAMGNJ,14
GUR MARKET     ,1
PERECHERLA     ,6
PEN            ,4
NAGDA JN       ,108
ODELA          ,4
NAZARETH       ,2
RAJAPALAYAM    ,2
BHALWANI       ,2
BALLIA         ,58
KEUTGUDA       ,2
KURWAI KETHORA ,1
TIPTUR         ,34
KARAMGARH SDRGH,1
SANAWAD        ,4
GOWDAVALLI     ,4
NARASARAOPET   ,20
TRIVANDRUM CNTL,86
DABHAURA       ,15
AREPALLI HALT  ,1
UNAWA AITHOR   ,2
UREN           ,6
MALIGURA       ,2
HAFIZPETA      ,4
MUNDIKOTA      ,2
TIRUMANGALAM   ,8
ZAMPANI HALT   ,3
NAGER COIL TOWN,4
HOTGI          ,21
KADIRI         ,10
SIVAKASI       ,2
SALEMPUR JN    ,15
MORENA         ,55
MARKAHANDI U HT,2
BANIHAL        ,2
MIRZA CHEUKI   ,8
MULANUR        ,2
JAROLI         ,4
BHADRACHALAM RD,6
CHHAPRA KACHERI,6
CHILO          ,2
MANAKSAR       ,8
PIPALSANA      ,6
BAKHTIYARPUR JN,99
BAJUD          ,3
DEORI          ,6
KAZIPET JN     ,104
CHAINWA        ,3
HIRNODA        ,8
SIHO           ,2
DAUSNI         ,4
TILARU         ,6
KHIMEL         ,2
KHAGRAGHAT ROAD,18
BELLARY JN     ,32
BAHADUR SINGH W,2
RASAYANI       ,4
SADURA         ,2
MUNIGUDA       ,40
BARADWAR       ,10
GOLANA HALT    ,2
PATTAMBI       ,24
RAMPURA BERI   ,2
MANJHI         ,2
CUDDAPAH       ,44
GOTHAJ         ,4
GUDLAVALLERU   ,6
DELHI S ROHILLA,62
KARUR          ,50
VELLORE TOWN   ,1
JHANTIPAHARI   ,10
BHIMRANA       ,3
LALPUR UMRI    ,2
SASON          ,2
TADIPATRI      ,36
HARNAUT        ,4
KODURU         ,25
GULZARBAGH     ,12
BERMO          ,4
KOKRAJHAR      ,53
SHIVPURI       ,18
RUTHIYAI       ,34
RANAVAV        ,2
MAROLI         ,13
GANJ DUNDWARA  ,2
EKANGARSARAI   ,4
TILDANGA       ,4
SHRIRANGAPATNA ,9
SERAM          ,24
VARVALA        ,5
THIRUVARUR JN  ,14
KARCHANA       ,1
NUZVID         ,10
PURBASTHALI    ,2
KATNI MURWARA  ,37
JHAJJAR        ,2
CHARBHUJA ROAD ,2
NEORA          ,8
QUILANDI       ,30
BALABNRAMAPURAM,1
ANJAR          ,10
RAJKIAWAS      ,2
BHULANPUR      ,12
BHESANA        ,2
PADUA          ,2
WANKANER CITY  ,2
UCHANA         ,7
MOOKAMBIKA ROAD,24
PUNDHAG        ,7
DHAREWADA      ,2
SAPATGRAM      ,2
IPURUPALEM     ,2
CHILAKALAPUDI  ,7
PHAGWARA JN    ,76
BADAMI         ,12
ARNIA          ,2
BOLPUR S NIKTN ,63
BARUD          ,2
BANAHI         ,10
WANGAPALLI     ,2
JAMMU TAWI     ,103
BHATKAL        ,30
AKOLA JN       ,113
MAVELIKARA     ,38
MATHURA JN     ,171
BERCHHA        ,44
TANDA URMAR    ,18
HER            ,2
DIGHA FLAG STN ,16
MASUR          ,5
TIMMAPUR       ,4
SONIK          ,1
CHINCHPADA     ,7
BOLARUM BAZAR  ,2
TURAVUR        ,13
JAKHVADA       ,4
INNANJE        ,2
CHITTOOR       ,45
DAULATABAD     ,6
DAMALCHERUVU   ,2
BHILWARA       ,33
SANSARPUR      ,4
PALGHAR        ,26
BUDHI          ,2
SHAMGARH       ,39
KAVALI         ,38
RAMPUR HAT     ,85
SULADHAL       ,1
MAILANI        ,5
SAVARKUNDLA    ,2
GORA GHUMA     ,2
JHARGRAM       ,14
SORBHOG JN     ,2
BARADIYA       ,2
TIRUVERUMBUR   ,2
SITAFAL MANDI  ,3
LATUR ROAD     ,30
BOLSA          ,6
SALANPUR       ,4
KASHI CHAK     ,2
TUMMANAMGUTTA  ,2
THANJAVUR      ,30
KONDAPURAM     ,18
SEWAPURI       ,11
VIKRAMNAGAR    ,4
HARDA          ,51
RAJENDRANAGAR  ,4
BAREILLY       ,164
KOPAI          ,2
CHHIPADOHAR    ,4
DHENKANAL      ,41
GOHPUR         ,2
NATHDWARA      ,6
PATAKOTTACHERU ,4
HOSPET JN      ,26
ASAFPUR        ,4
SHAHPUR PATOREE,11
BANDA JN       ,21
MULI ROAD      ,6
KUMTA          ,23
DHENGLI PP GOAN,4
MADHUPUR JN    ,109
TALCHER        ,11
DURGAPUR       ,130
BELHA          ,17
DUNDI          ,4
DHAURA         ,11
REJINAGAR      ,6
JORAWARNAGAR JN,17
MAMBALAM       ,20
LASERI         ,1
SHRIRAJNAGAR   ,4
BARWADIH JN    ,23
SARAI CHANDI   ,3
MANDI DIP      ,8
BEJNAL         ,2
ARJANSAR       ,4
KHAMGAON       ,1
GARIVIDI       ,2
VADGAON        ,3
BIGHAPUR       ,2
PARAMAKKUDI    ,16
ROTEGAON       ,26
LALBAGH CRT RD ,2
CHARAUD        ,1
DWARAPUDI      ,25
KHARAK         ,2
DUSI           ,2
NAMLI          ,4
BASTA          ,8
RAYAGADA       ,48
PUDUKKOTTAI    ,16
NILAKANTHESWAR ,2
TORANAGALLU    ,20
JAWAI BANDH    ,18
KAMALGANJ      ,2
MAJHAGAWAN     ,9
PALAKKODU      ,2
VAREDIYA       ,4
SEHORE         ,50
KOTLI KALAN    ,2
KHACHROD       ,31
KOPARIA        ,6
SERAMPORE      ,10
DIPHU          ,43
WASHERMANPET   ,2
JAORA          ,15
ATUL           ,2
AMMUGUDA       ,2
KAPASAN        ,9
KATRASGARH     ,14
PANCH PIPILA   ,4
MEJA ROAD      ,13
DANGOAPOSI     ,8
VARANASI CITY  ,27
BASUKINATH     ,2
MANDA ROAD     ,8
HANUMAN STATION,3
BHAVANI NAGAR  ,3
GOHAD ROAD     ,4
CHINNA SALEM   ,6
KHAIRAR JN     ,4
BUXAR          ,84
HAMSAVARAM     ,2
MARWAR MUNDWA  ,8
HAFIZPUR       ,2
KANTADIH       ,2
NAGINA         ,15
COIMBATORE NRTH,109
PUTALAPATTU    ,2
BASANTAPUR     ,2
CHANDLODIYA    ,15
AMBLI ROAD     ,4
SAREIGRAM      ,4
BAIYYAPPANAHALI,10
LAKSWA         ,2
KATHGODAM      ,16
DADRI          ,2
CHITRADURG     ,6
RINGAS JN      ,10
KASHIPUR       ,14
SIRKAZHI       ,26
ANKOLA         ,10
GANDHIPURAM HAL,4
JAJPUR K ROAD  ,93
BHATEL         ,4
HAPUR          ,62
GUWARIGHAT     ,7
RENGALI        ,15
FATEHGARH SAHIB,2
KAPURDHA HALT  ,2
MURARPUR       ,4
HALISAHAR      ,2
PANDAVAPURA    ,16
SIRPUR TOWN    ,3
NAVSARI        ,65
BARGI          ,9
BANSPANI       ,4
MURGAMAHADEV RD,2
UMDANAGAR      ,6
GANDHINAGAR JPR,52
HALDI ROAD     ,4
PAWAPURI ROAD H,7
SALAMATPUR     ,7
MADHIRA        ,31
NIDIGALLU      ,2
DENDULURU      ,3
USMANPUR       ,6
JETHI          ,2
MANGAON        ,15
MALUR          ,10
SANKOPARA      ,2
CHENNAI EGMORE ,87
PUNALUR        ,2
VAYALPAD       ,2
KURNOOL CITY   ,50
GARHI MANIKPUR ,10
ORAI           ,53
SINGHPUR       ,10
BARHIYA        ,51
GADIGANURU     ,3
SAINTHIA       ,39
KHIRKIYA       ,15
NAGORE         ,6
PHUSRO         ,8
BESROLI        ,2
DIMAPUR        ,43
NOWROZABAD     ,13
HATHIDAH UPPER ,8
MAHPUR         ,2
RUPNAGAR       ,12
AJNI           ,17
NIMBAHERA      ,12
BARSOLA        ,3
KALAPIPAL      ,19
DEHRI ON SONE  ,65
SHIVNAGAR      ,1
MALEGAON VYENKU,2
TORANG         ,2
BAGHORA        ,3
NADAUJ         ,2
PANDHARPUR     ,16
PARPANANGADI   ,32
PALI MARWAR    ,39
DISA           ,8
CHITYALA       ,7
CHANPATIA      ,4
KANSRAO        ,2
DALAUDA        ,5
AMMASANDRA     ,6
DAKHINESWAR    ,14
DIBRUGARH      ,26
BERHAMPORE CRT ,10
CHIMALPAHAD    ,4
JANJGIR NAILA  ,19
JUKEHI         ,13
SORO           ,18
RUDAULI        ,26
DHANAURI       ,4
MORTHALA       ,2
BALIAKHERI     ,2
BARSALI        ,2
BODWAD         ,12
AMBODALA       ,20
NARSIPATNAM RD ,16
BIRNAGAR       ,4
MANSA          ,14
USALAPUR       ,23
MORDAD TANDA   ,2
GARWA ROAD     ,33
IGATPURI       ,105
BHOKAR         ,4
RATANPURA      ,4
CHORVAD ROAD   ,4
TARANA ROAD    ,15
NAMKON         ,8
JALALPUR DHAI  ,2
BEGAMPET       ,36
JETALSAR JN    ,12
KOLKATA        ,63
DIVITI PALLI   ,1
MAJHOWLIA      ,2
DHANSU         ,2
NAKODAR JN     ,2
SARAI MIR      ,13
BARKHERA       ,2
AGORI KHAS     ,5
MASUDAN        ,4
TAPA           ,16
SHIVAJINAGAR   ,22
BANDEL JN      ,90
THAKURGANJ     ,4
ARARIYA COURT  ,4
HUBLI JN       ,84
TAREGNA        ,14
IRAVIPURAM     ,2
AKSHAYWAT R NGR,4
DUVVADA        ,97
TIRUR          ,70
MIRAJ JN       ,63
NIPANI VADGAON ,6
PALSORA MAKRAWA,3
POTKAPALLI     ,2
CHITALI        ,6
JAKHIM         ,8
SOMTANE        ,4
LALGARH JN     ,20
SUISA          ,2
CHANDUR        ,16
GAURIGANJ      ,28
NAGIREDDIPALLI ,4
NEW MISAMARI   ,2
PILAMEDU       ,2
SUBZI MANDI    ,36
MIRKHAL        ,7
MARRIPALEM PH  ,10
MAVAL          ,2
RAM NAGAR J K  ,2
MYSORE JN      ,52
SILGHAT TOWN   ,2
ANGADIPPURAM   ,2
AMLAI          ,19
JGMBLA KSHNPRM ,6
RAJKOT JN      ,79
VIJAY PUR      ,4
BAMNIA         ,12
MARIANI JN     ,39
OMALUR         ,6
BHANVAD        ,6
SINGARAM       ,2
BHADRAK        ,109
BALA ROAD      ,2
GARHMUKTESAR   ,15
JAMUNAMUKH     ,4
OKHLA          ,9
TITABAR        ,6
SLEEMANABAD RD ,6
DAPPAR         ,3
ZAWAR          ,2
JAITWAR        ,14
BAGRI SAJJANPUR,2
ASHOK NAGAR    ,28
NILAJE         ,4
CHIRAYINKIL    ,22
GARHBETA       ,12
LOTAPAHAR      ,4
PATRANGA       ,2
SAHIBGANJ JN   ,30
MANSI JN       ,31
MANDOR         ,3
KENDUKANA      ,3
DINDIGUL JN    ,74
HINGANGHAT     ,34
BALAMU JN      ,29
PANGAON        ,10
AHIRAN         ,2
DORNAKAL JN    ,32
GURDASPUR      ,9
NAGBHIR JN     ,4
SHIVANARAYANPUR,6
MANKATHA       ,11
MANDYA         ,38
PAGARA         ,2
VANIYAMBADI    ,22
GORAKHPUR CANT ,7
DAURAM MADHPURA,2
RANGTONG       ,1
SAINAGAR SHIRDI,22
BHADLI         ,6
FARRUKHABAD    ,26
DUMRI BIHAR    ,1
KUNDGOL        ,2
BHIWANI        ,16
BELAKOBA       ,5
MUNDALARAM     ,1
GOKAK ROAD     ,4
BAYTU          ,8
IRUGUR         ,2
NANDYAL        ,20
DHARHARA       ,20
SADULPUR JN    ,17
KHAGARIA JN    ,60
BIHTA          ,24
KHEMLI         ,2
NAWAN          ,2
DANTAN         ,2
MUKERIAN       ,25
RAMSAGAR       ,4
KATPADI JN     ,177
DIYODAR        ,4
HOJAI          ,31
NIPHAD         ,11
ROSHANPUR      ,2
UJIARPUR       ,5
HARRAD         ,12
PADHEGAON      ,6
SABARMATI JN   ,54
KARJODA        ,2
KALMITAR       ,8
HATHRAS JN     ,25
DURG           ,127
GOVINDPURI     ,14
JUGPURA        ,2
TIRUNELVELI    ,50
MANYAMKONDA    ,1
KOSI KALAN     ,25
BRAYLA CHAURASI,2
GANJAM         ,8
YELIYUR        ,4
KHANAPUR       ,6
SANTRAGACHI JN ,86
VATLUR         ,4
BARARA         ,11
SAWAI MADHOPUR ,127
VIRUDUNAGAR JN ,58
MONDH          ,7
BHADANPUR      ,2
UKHALI         ,4
TALCHHAPAR     ,2
DAMANJODI      ,6
FALNA          ,77
KOTTAVALASA    ,17
JAGRAON        ,4
ASAOTI         ,5
MOHAMMADKHERA  ,3
BHARWARI       ,9
MANGALIYAWAS   ,2
DUROJI         ,6
AJJAMPUR       ,3
NARKHER        ,29
BHIMAVARAM JN  ,8
BHAKARAPET     ,2
KANDRORI       ,1
KURUMBUR       ,2
UDHNA JN       ,38
MADURANTAKAM   ,7
MORADABAD      ,196
MULVAD         ,2
JUNNOR DEO     ,5
BHIRA KHERI    ,2
VARANASI JN    ,201
HAMIRA         ,2
SEMARKHERI     ,2
BHIWANI CITY   ,2
LUCKNOW NE     ,79
BACHHRAWAN     ,27
AKALKOT ROAD   ,6
GHARAUNDA      ,8
HATHIDAH JN    ,49
ASNOTI         ,2
RAM CHAURA ROAD,7
MOKAMEH JN     ,106
SIWANI         ,1
RUKNI          ,2
KHODIYAR       ,4
ANANDAPURAM    ,6
RAJKHARSAWAN JN,20
VEMURU         ,4
KHORANA        ,4
KUDALNAGAR     ,2
HARSAULI       ,5
DABLA          ,2
ROORKEE        ,76
PARLI VAIJNATH ,26
PERALAM JN     ,6
BARRAJPUR      ,2
LUNI JN        ,48
KEOLARI        ,2
DANAPUR        ,88
KHERI SALWA    ,4
CHANDERIYA     ,16
CHANDARI       ,1
ANKLESHWAR JN  ,73
AMB  ANDAURA   ,2
SAROTRA ROAD   ,2
PATHANKOT CANTT,92
KUMEDPUR       ,32
PATRATU        ,15
CINNAMARA      ,2
DHULKOT        ,1
KHEDULI        ,2
KELVA ROAD     ,5
BHUGAON        ,2
DHULIAN GANGA  ,11
RAMANATHAPURAM ,16
RUPRA ROAD     ,18
SONAGIR        ,5
JEHANABAD      ,16
PANSAR         ,2
KYATSANDRA     ,2
BANSIPUR       ,14
KOIRIPUR       ,7
JAMUI          ,39
KAKINADA PORT  ,11
DABKA          ,4
SUKRIMANGELA   ,7
DEHU ROAD      ,8
BALANGIR       ,42
NEW MORINDA    ,4
TUMKUR         ,55
PAMPORE        ,2
RAULI          ,2
DHUTRA         ,4
MADURAI JN     ,77
TOPOKAL        ,2
HAMITONGANJ    ,2
GOREGAON ROAD  ,4
PADRAUNA       ,4
NELLORE        ,152
SIHORA ROAD    ,33
SIMULTALA      ,17
SONUA          ,10
ALIYABAD       ,1
TRIUPUNITTURA  ,14
SHADNAGAR      ,12
GALUDIH        ,4
MEERUT CANT    ,17
KAJRA          ,26
KALLURU        ,10
SRINIVASA NAGAR,1
MANGAPATNAM    ,2
RAIWALA        ,14
SIMALUGURI JN  ,29
BIYAVRA RAJGARH,26
MORDAR         ,4
GHATPRABHA     ,26
NANDALUR       ,18
KHATAULI       ,11
SIRPUR KAGAZNGR,82
ARNI ROAD      ,8
VYASNAGAR      ,4
KODERMA        ,63
SALBONI        ,12
KANTHAN JN     ,2
RUKADI         ,11
GETOR JAGATPURA,8
RANGALITING    ,2
TYAKAL         ,2
BICHIA         ,2
TYADA          ,2
NAGAUR         ,40
BAJVA          ,4
KRISHNAPURAM   ,2
MALWAN         ,1
SURATHKAL      ,18
NARASINGAPALLI ,4
NAPASAR        ,8
NANPARA JN     ,2
SUMMER HILL    ,6
DUGANPUR       ,2
BADE ARAPUR    ,2
SHOLINGHUR     ,9
PANGRI         ,2
DANTEWARA      ,2
HIMMATANA      ,2
AMBALA CANT JN ,206
GONDAL         ,16
BHUPDEOPUR     ,4
NAMRUP         ,8
VISAPUR        ,8
ARALVAYMOZHI   ,6
KANKI          ,2
MALLESWARAM    ,10
RAVINDRAKHANI  ,4
NIRAKARPUR     ,10
OBRA DAM       ,13
NAUPADA JN     ,18
CHHAN ARORIAN  ,4
DINA NAGAR     ,3
RAVTHA ROAD    ,1
BHANAPUR       ,6
JANGIPUR ROAD  ,13
KHETA SARAI    ,10
THALASSERY     ,60
YENUGONDA      ,1
KULALI         ,2
NUAGAON        ,6
ADONI          ,54
SARUPATHAR     ,12
CHUNAR         ,37
MORANHAT       ,8
TITLAGARH      ,58
MUSTABADA      ,4
MAHESANA JN    ,89
WIRUR          ,2
DALADI         ,6
GARLA          ,6
LASUR          ,26
KANIYAPURAM    ,2
HOWBADH JABLPUR,9
VITHISVARANKOL ,6
COONOOR        ,4
GOKULPUR       ,3
SONGADH        ,14
KARIMNAGAR     ,2
JALOR          ,8
SITAMARHI      ,16
HARPALPUR      ,15
UMED           ,4
CHALTHAN       ,7
JUNAGARH ROAD  ,2
GHORADONGRI    ,43
KARAGOLA ROAD  ,16
JAGADHRI WSHOP ,21
PINGLI         ,7
LALAGUDA GATE  ,3
BALICHAK       ,4
GOALDIH        ,2
KOLDA          ,5
BHADRI         ,1
LODIPUR BISHNPR,2
POKRAN         ,4
GORAUL         ,8
MAHADEOKHEDI   ,1
KAFURPUR       ,2
BISANATTAM     ,2
KAPURTHALA     ,4
VARNAMA        ,2
KHAJWANA       ,2
GURSAHAIGANJ   ,4
KOCHUVELI      ,28
SAONGA HALT    ,4
DHASA JN       ,2
BHAGAT KI KOTHI,25
LANKALAKODERU  ,2
MAJRI JN       ,15
MADHA          ,9
BHONE          ,4
PIR UMROD      ,4
BOROTI         ,2
PALEJ          ,15
SALEM TOWN     ,4
BAWANI KHERA   ,4
KIRIHRAPUR     ,4
PANKI          ,18
JEONATHPUR     ,1
PATARA         ,3
MANANWALA      ,1
SANCHI         ,10
DASHARATHPUR   ,6
VISHRAMBAG     ,1
LAKHMINIA      ,12
GORAM GHAT     ,2
SHYAMPURA      ,4
BEOHARI        ,8
GAURIBIDANUR   ,20
UNNAO JN       ,65
PIRDULESHA HALT,1
AMLA JN        ,46
BHAWANIPATNA   ,2
KODIYAR MANDIR ,4
IKLEHRA        ,3
GIDHAUR        ,21
DHAPEWARA      ,4
BHORAS BUDRUKH ,2
DONDAICHA      ,16
DUMRI JUARA    ,2
NEW KATNI JN   ,5
KOTLAKHERI     ,4
SASARAM        ,57
KULWA          ,1
DING           ,2
NAMAKKAL       ,6
CHITGIDDA      ,4
MODUKURU       ,2
LUNI RICHHA    ,3
KOTAKADRA      ,1
C BABUSAMUDRAM ,2
KADIYAM        ,8
TALGARIA       ,2
VARTEJ         ,6
BAZPUR         ,4
MALTHAN        ,2
HARISHANKER RD ,10
KANAUTA        ,2
LOHIAN KHAS JN ,6
KANGINHAL      ,2
TUPKADIH       ,2
BRAHMANPALLI   ,2
CHIKODI ROAD   ,4
BASBARI        ,2
KATAREAH       ,4
KAPAN          ,4
JABRI          ,5
PARVATIPURAM   ,32
SALAIA         ,5
MADHOSINGH     ,5
BAGHDOGRA      ,2
SURIAWAN       ,14
MURIBAHAL      ,4
TORI           ,22
BAMHRAULI      ,2
PENNADA AGRHRM ,2
ATELI          ,2
PUDUCHERRY     ,18
KISONI         ,5
RANTHAMBHORE   ,2
BADNAPUR       ,8
JMLPR SHAIKHAN ,2
TARADEVI       ,6
KAMAKHYAGURI   ,4
BHADAURA       ,12
MILAVITTAN     ,8
MAU RANIPUR    ,15
UDRAMSAR       ,2
MARPALLI       ,2
DHEKVAD        ,5
TIRUPATI       ,111
UJJAIN JN      ,108
NOADAR DHAL    ,2
TIRALDIH       ,2
NANDESARI      ,3
HABIBGANJ      ,93
MADAR          ,1
BOTAD JN       ,20
METYAL SOHAR   ,4
MUNROTURUTTU   ,4
SOMNA          ,1
HUPPUGUDA      ,2
KARNAL         ,48
GADAG JN       ,38
MILAK          ,9
KARKHELI       ,8
DHALGAON       ,11
WALAJAH ROAD JN,18
KAMRUP KHETRI  ,2
BINDKI ROAD    ,5
VELI           ,2
CHILKAHAR      ,3
MANIKGARH      ,4
GAURA          ,2
PHULERA JN     ,89
BHAN KARI      ,2
KHUTBAV        ,6
NAYUDUPETA     ,20
BHADBHUNJA     ,5
VANCHIMANIYACHI,40
RACHAGUNNERI   ,1
VELLANKANNI    ,4
BHIMAVARAM TOWN,25
KUDATINI       ,4
PURANPUR       ,5
AMBIKA KALNA   ,15
CHERUKARA      ,2
BASMAT         ,12
BANPAS         ,2
BPT STATION    ,2
BABINA         ,25
PALIA KALAN    ,2
VASAD JN       ,8
CHILIKIDARA    ,2
DELHI SHAHDARA ,34
VAKAV          ,2
SIMLA          ,10
LAKSHMIBAI NGR ,4
JAYASINGPUR    ,9
AZAMNAGAR ROAD ,14
NANDIKOOR      ,2
GHOGA          ,12
TANGUTURU      ,8
HINAUTARAMBAN  ,2
GARLADINNE     ,4
GIRWAR         ,3
SOLAN          ,6
BADHWA BARA    ,5
MADDIKERA      ,8
VASAI ROAD     ,94
BARDOLI        ,9
KURANGA        ,2
CHENNAI CENTRAL,178
BUDHLADA       ,12
KATHLEEGHAT    ,3
MEDCHAL        ,10
BAGHAULI       ,5
UDALGURI       ,4
DARRITOLA      ,4
KECKHI         ,2
PUTTUR         ,20
VANIYAMBALAM   ,2
CHANDIGARH     ,63
DHONE          ,58
MALSIAN SHAHKHT,2
DANTRA         ,2
MOHIUDDINNAGAR ,7
AKKARAIPPATTI  ,2
UNDASA MADHAWPU,4
GUDUPULLI      ,2
DILAWARNAGAR   ,4
BALANAGAR      ,2
JAMTARA        ,25
NARANJIPUR     ,6
HARIPUR        ,6
TITWA          ,4
KHARSALIYA     ,2
GANGSAR JAITU  ,12
SIHAPAR        ,1
HASANPARTI RD  ,2
WANSJALIYA     ,10
MAILARAM       ,2
MORWANI        ,3
SUDHANI        ,6
UMBARGAM ROAD  ,11
SAWALGI        ,2
ANANTNAG       ,2
PHULWARI SHARIF,14
JARANDESHWAR   ,3
SAHATWAR       ,10
BARETH         ,4
KAIALSA        ,2
BASSI          ,2
GARHARA        ,6
NRYNPUR TATWAR ,11
BASAR          ,42
PARBHANI JN    ,65
KARAD          ,34
RAIMEHATPUR    ,2
RUPAMAU        ,4
SINDKHEDA      ,10
MUGAT          ,6
ADILABAD       ,10
MALKAJGIRI     ,24
PATHARDIH JN   ,2
SURGAON BANJARI,2
NAUGACHIA      ,50
NARSIPURAM HALT,4
TAJPUR         ,3
KISHANPUR      ,2
BHITAURA       ,4
GAJSINGHPUR    ,2
DHARAMTUL      ,2
AYODHYAPATTANAM,2
WARANGAL       ,136
KINWAT         ,10
JAITHARI       ,11
ROBERTS GANJ   ,12
DAYANAND NAGAR ,2
TIRUTTANGAL    ,2
GUSKARA        ,20
HINDUPUR       ,56
RANGAPURAM     ,6
TINSUKIA JN    ,2
BONGAIGAON     ,4
KARMALI        ,18
DHAMANGAON     ,30
KAREPALLI      ,6
HOLAMBI KALAN  ,1
KESHAVGANJ     ,2
BAHAWAL BASI   ,1
CHAMPA         ,48
MORI BERA      ,4
SANGANER       ,4
GUDMA          ,2
BHOKE          ,4
LUCKNOW CITY   ,16
KURUKSHETRA JN ,49
SITAPUR CITY   ,4
GHUM           ,12
KARAK BEL      ,2
HALDWANI       ,16
LEDO           ,2
TETULMARI      ,4
IB             ,4
MADAR JN       ,4
GARHWA         ,12
OKHA           ,30
BANBASA        ,2
SHRI MAHABIRJI ,24
MANDUADIH      ,25
CHAJAWA        ,3
UGWE           ,4
BARLAI         ,4
RAMGARHWA      ,4
YEDAMANGALA    ,3
BIDHAN NAGAR   ,13
SHAJAPUR       ,24
GHATERA        ,3
SRIRANGAM      ,27
BHALULATA      ,4
WARDHA JN      ,72
AZAMGARH       ,26
BHAWANI MANDI  ,40
CHOUPALE       ,2
ZAHIRABAD      ,16
JOGI MAGRA     ,4
TRIVANDRUM PETT,18
SHUJAATPUR     ,4
CHHULHA        ,8
BIKKAVOLU      ,5
KOTA JN        ,162
NAGESHWADI HALT,1
MANOPAD        ,1
DHANAKYA       ,3
NEW MAL JN     ,16
RADHIKAPUR     ,4
JATWARA        ,2
KHANDBAARA     ,7
RADHAKISHOREPUR,6
CHURK          ,10
NIGOHAN        ,11
MATHURAPUR     ,6
NIGAURA        ,8
BAKHLETA       ,3
SAKHI GOPAL    ,30
AWANTIPURA     ,2
LATEHAR        ,22
ALLAHABAD JN   ,197
JASWANTNAGAR   ,4
SHRI AMIRGADH  ,3
BOKARO STL CITY,56
BAREILLY CITY  ,4
KANASAR        ,4
LINGTI         ,2
BAZARSAU       ,9
TUGLAKABAD     ,19
ADRSH NGR DELHI,5
PATWARA        ,2
JAIS           ,19
DHARMAVARAM JN ,88
SANDILA        ,24
JANGAON        ,31
SARANGPUR      ,8
MADHAVNAGAR    ,1
ALWAL          ,2
KUDRA          ,18
GOVINDPUR ROAD ,5
DELHI CANTT    ,66
CHANDAULI MJHWR,7
MALANCHA       ,2
H NIZAMUDDIN   ,178
AUVANESWSAREM  ,2
BHARUCH JN     ,127
CHIPLUN        ,38
BIJNOR         ,7
SAKHOTI TANDA  ,2
TURTIPAR       ,2
BHURKUNDA      ,3
AMARGARH       ,4
VISAKHAPATNAM  ,201
RAXAUL JN      ,14
KATRA          ,4
BADSHAHPUR     ,11
BISWAN         ,2
CHANDA FORT    ,2
EKLAKHI        ,8
GORAPUR        ,2
DHANERA        ,8
DHARMABAD      ,20
BADLI          ,3
THIVIM         ,24
NEKONDA        ,13
MALDA TOWN     ,109
CHURU          ,16
POWERPET       ,6
NARAYANPET ROAD,2
BEAWAR         ,42
JITE           ,4
ASRANADA       ,4
CHATRA         ,2
RAJENDRANAGAR T,78
MUNGAOLI       ,20
CHIRGAON       ,11
SHDSPRA PADMPRA,2
CUMBUM         ,16
KUMBLA         ,8
ANGALAKUDURU   ,2
DEBAGRAM       ,6
GAHLOTA        ,3
KANKAHA        ,4
RASRA          ,14
TIRUTTANI      ,19
ZARAP          ,2
CHEKATE G PALEM,4
VIDISHA        ,63
BISHNUPUR      ,28
ULHASNAGAR     ,6
JERUWA KHERA   ,5
KARJAT         ,72
DAURALA        ,1
MANTAPAMPALLE  ,2
MAHES KHUNT    ,12
DURGADA GATE   ,2
MUDKHED        ,42
KAPILAS ROAD   ,2
KORADIH        ,5
JATH ROAD      ,2
NAYAGAON       ,6
JANUNIATNA     ,2
PADRIGANJ      ,5
MIRANPUR KATRA ,4
PALWAL         ,25
KAMLI          ,2
KHAMARGACHHI   ,2
PINGLESHWAR    ,3
PIPLOD JN      ,4
VALAPPADI G HLT,3
MALIPUR        ,19
ALIPUR DUAR    ,2
CUDDALORE PORT ,18
ARAVALI ROAD   ,6
KANHAIPUR      ,4
TAKARKHEDE     ,4
BELPAHAR       ,12
BELSONDA       ,2
AMMANABROLU    ,8
MAHESHMUNDA    ,4
BANGALORE CY JN,117
SURENDRANAGAR G,6
HUNSIHADGIL    ,2
PILIODA        ,2
BHIWANDI ROAD  ,32
KOPPAL         ,24
KACHNARA ROAD  ,2
BAMANWALI      ,2
SBB JOGULAMBA H,4
SAPEKHATI      ,4
MACHAVARAM     ,2
CHOPAN         ,29
BIHIYA         ,24
ALIA BADA      ,6
KUCHAMAN CITY  ,24
HATHRAS CITY   ,18
RAISI          ,4
DUBRAJPUR      ,2
BINDAYAKA      ,2
BANGALORE EAST ,24
MANDAL         ,2
PADUGUPADU     ,2
NAWANDGI       ,6
SULEHALLI      ,3
BELGAHNA       ,14
AJMER JN       ,125
PODANUR JN     ,60
GOTHANGAM      ,4
KASGANJ        ,20
BAGDIHI        ,12
MADDUR         ,19
BURNPUR        ,17
NEW COOCH BEHAR,74
KALKA          ,27
RAJANAGAR      ,8
ALIGARH JN     ,75
NEW ALIPURDUAR ,62
NAGALAPALLE    ,4
UMRA NALA      ,6
KAMALPURGRAM   ,4
WHITEFIELD     ,11
HAIDARNAGAR    ,10
ICHCHPURAM     ,27
SHALIMAR       ,26
RAMBHA         ,4
KOZHIKODE      ,92
JATKANHAR      ,2
LEKODA         ,2
HABAIPUR       ,2
BABUPETH       ,2
RANALA         ,4
ANAPARTI       ,24
AKBARPUR       ,39
BODHADI BUJRUG ,2
RAMGANGA       ,2
KIM            ,16
BALHARSHAH     ,116
SAHIBABAD      ,25
SILAK JHORI    ,2
IDGAH AGRA JN  ,20
JHALWARA       ,5
JAYNAGAR       ,16
MANGALORE JN   ,59
AISHBAGH       ,5
SOGRA          ,4
PARADOL        ,9
HARINAGAR      ,10
VADODARA JN    ,298
MOLAKALMURU    ,4
RAMPUR DUMRA   ,8
NARANPUR       ,2
RAIGANJ        ,4
BABUGARH       ,1
LADPURA        ,2
BHANDARIDAH    ,4
TATANAGAR JN   ,96
CHAMARAJANAGAR ,2
SANOSRA        ,6
CHAGALLU       ,4
VILLIANUR      ,2
JALSU NANAK    ,2
KODAVALURU     ,2
KOTTUR HALT    ,1
LOISINGHA      ,5
REWA           ,18
BRAJRAJNAGAR   ,20
AHMADNAGAR     ,58
DABRA          ,35
KARANJGAON     ,5
SECUNDERABAD JN,170
GOILKERA       ,13
HIJILLI        ,28
SULLURUPETA    ,33
CHAUSA         ,14
HULKOTI        ,4
SONSHELU       ,6
PRAYAG         ,27
NEW JALPAIGURI ,126
MALLARPUR      ,10
VELLACHERUVU   ,4
HEJJALA        ,2
BARWALA        ,2
INDARA JN      ,21
MALLANWALA KHAS,5
KANHEGAON      ,6
PARASIA        ,5
ARANG MAHANADI ,2
RATANPUR       ,8
HALVAD         ,6
DEOBAND        ,26
DHARMAPURI     ,21
SAPE WAMNE     ,4
SHEO SINGH PURA,4
JODHPUR JN     ,87
GANGAPUR CITY  ,49
SAKRIGALI JN   ,2
SARADHNA       ,2
BHUSAVAL JN    ,248
TILDA          ,31
HANSI          ,4
MAIKALGANJ     ,3
BINAIKI        ,7
HAMIRPUR ROAD  ,3
GANDHIDHAM BG  ,34
BACHWARA JN    ,15
SAGAR JAMBAGARU,6
AURANGABAD     ,50
JAM WANTHALI   ,6
DEEG           ,2
PARADGAON      ,6
SIRIPURAM      ,4
SAPHALE        ,9
BARETA         ,6
DHARWAR        ,53
JALAMB JN      ,16
BARAN          ,18
G POCHAMPALLI  ,2
BARAUNI JN     ,131
RAMGARH CANT   ,11
NIWAR          ,4
NIDI           ,2
CARMELARAM     ,8
PHAPHUND       ,24
TILAYA         ,2
PUNARAKH       ,20
KORAPUT        ,10
DALTONGANJ     ,31
MALKHAID ROAD  ,14
SANJALI        ,2
DABLI RATHAN   ,4
RAJAPUR        ,1
UPARMAL        ,2
KALUPARA GHAT  ,12
BHAIROGANJ     ,2
KULITALAI      ,6
RAMBHADDARPUR  ,4
SAMBALPUR CITY ,10
DEORIA SADAR   ,70
SAKLESHPUR     ,6
BUNDI          ,14
SRIKAKULAM ROAD,79
KISHANGANJ     ,117
GAJJELAKONDA   ,6
KODAIKANAL ROAD,27
MANJARI BUDRUK ,8
BUDALUR        ,8
PERGAON        ,6
THAWE JN       ,4
KHARIAR ROAD   ,28
BETHAMPUDI     ,4
HARAUNI        ,1
MECHEDA        ,23
BERAWANYA      ,4
GOTAN          ,33
MARARIKULAM    ,8
NARAIKKINAR    ,1
REDDIGUDEM     ,2
PIPRI DIH      ,2
WADSINGE       ,2
HALAKATTA      ,4
CHUDAWA        ,7
MALERKOTLA     ,19
MURADNAGAR     ,8
FATEHABAD CH.JN,2
BANTANAHAL     ,4
ACHALDA        ,5
BADLA GHAT     ,4
DIVINE NAGAR   ,8
KUMARDUBI      ,14
TAHERPUR       ,4
KRISHNGR CTY JN,10
AMLAKHURD      ,4
PEDDAVADLAPUDI ,4
PHULWARTANR    ,4
DHOLA JN       ,17
CHANDIA ROAD   ,15
BAPATLA        ,46
WAN ROAD       ,4
AJANTI         ,4
CHEOKI         ,55
AHRAURA ROAD   ,3
MORAPPUR       ,14
VINDHYACHAL    ,49
GOLAGHAT       ,2
JARAIKELA      ,5
NOMODA         ,2
BHAVANAGAR PARA,8
PANDABESWAR    ,4
PIPLI          ,2
CHAKDAYALA     ,6
RADHANPUR      ,6
KISTAMSETIPALLI,6
HARIDWAR JN    ,66
NAUTANWA       ,4
SAONER JN      ,6
NIWAS ROAD     ,2
BALLI          ,2
DADAR          ,133
KHADAPA        ,2
CHAURI CHAURA  ,15
RENWAL         ,2
BASHARATGANJ   ,4
SHAHDOL        ,55
KORUKKUPET JN  ,1
AKATHUMURI     ,2
JMTRA PARASWARA,7
PANOLI         ,10
CHIPURUPALLE   ,18
SAKTI          ,18
RANJANGAON RD  ,6
DHANUVACHAPURAM,2
DHIRGANJ       ,2
ANDAL JN       ,43
JIND JN        ,37
KICHHA         ,2
AVADI          ,3
KHURDA ROAD JN ,191
NANDGAON ROAD  ,4
PALLIKONA      ,4
MUNDHEWADI     ,2
JAIRAMNAGAR    ,5
GHUNGHUTI      ,3
KAMATHE        ,4
MELMARUVATTUR  ,62
PAYANGADI      ,14
DUDHANI        ,12
INDORE JN BG   ,68
DALLI RAJHARA  ,2
KHANNA         ,31
BUDNI          ,4
DALPATPUR      ,2
JAKHALABANDHA  ,2
NAZIRGANJ      ,4
SADASHIVAPET RD,2
MALANPUR       ,3
KAVATHE MAHANKL,9
KALUNGA        ,6
KHAJAULI       ,6
GANAGAPUR ROAD ,16
SHEOPRASADNAGER,4
KATIHAR JN     ,76
CHAUTH KA BRWRA,10
KIRLOSKARVADI  ,11
JHINJHAK       ,17
CHETTINAD      ,6
GOLA GOKARANATH,3
ALNIYA         ,1
KHAT           ,2
CHAVALKHEDE    ,4
MALLAPUR       ,4
KATNI          ,139
KESINGA        ,42
JALPAIGURI ROAD,17
MANCHIRYAL     ,50
JAMIKUNTA      ,15
SAVANUR        ,2
KADAKAVUR      ,16
MURDESHWAR     ,14
SRUNGAVRUKSHAM ,2
KASIMKOTA      ,2
BADSHAHNAGAR   ,44
DAPODI         ,3
SARAGCHNI      ,4
MALKAPUR       ,56
WADI           ,68
PALLIYADI      ,3
SAKRI JN       ,16
FARIDABAD NW TN,3
SANAND         ,9
SOJAT ROAD     ,14
SANGRUR        ,27
GODHRA JN      ,56
GUJHANDI       ,5
BHATTU         ,2
KAHET          ,5
ABHAIPUR       ,53
DEVGARH MADRIYA,2
JUJUMURA       ,2
SAFDARGANJ     ,5
SARBAHARA      ,6
PHESAR         ,2
TADLA PUSAPALLI,2
PIDUGURALLA    ,26
WELLINGTON     ,4
KASU           ,4
SALAR          ,15
TANGIRIAPAL    ,2
JWALAPUR       ,13
KARTARPUR      ,16
JALNA          ,48
TELO           ,1
SONEGAON       ,2
PHULPUR        ,17
BONDAMUNDA     ,16
MORINDA        ,5
KOTAPAR ROAD   ,4
GARUDUBILLI    ,4
GHOLVAD        ,7
SUMER          ,2
PANYAM         ,6
NEW GUNTUR     ,13
KUWANTHAL      ,2
CHAMPANER RD JN,2
PARAS          ,2
GOVINDI MARWAR ,2
VIRAVALLI      ,3
BABATPUR       ,12
SAMASWARA      ,2
SITAMPET       ,3
MANGALAGIRI    ,18
HARMUTI        ,4
RAHURI         ,8
BAITARANI ROAD ,4
MATMARI        ,4
SHRIBDRYA LATHI,13
KIRATPUR SAHIB ,4
AJGAIN         ,1
VILAVADE       ,6
ISARWARA       ,3
MERAMANDOLIL   ,4
JAKHAL JN      ,39
DONGARGARH     ,42
MIYAGAM KARJAN ,20
NAHARLAGUN     ,4
JUGAUR         ,1
LAKHERI        ,20
VANGAON        ,7
BONA KALU      ,4
SISWA BAZAR    ,12
RUNNI SAIDPUR  ,6
TAKAL          ,1
PURUA KHERA    ,2
DURAUNDHA JN   ,8
KARKELI        ,11
SINHAN         ,2
MOHAPANI MAL   ,4
LINGA          ,5
MARAMPALLI     ,2
KASHIPURA SARAR,2
VANGANUR       ,2
AZIMGANJ JN    ,29
RAJAHMUNDRY    ,189
UKSHI          ,4
FIROZABAD      ,40
PALARI         ,2
SIRSA          ,6
STUARTPURAM    ,2
TEGHRA         ,4
DHOKI          ,2
DEGANA JN      ,54
JHIR           ,2
BARDHANA HALT  ,1
LOHGARH ABUB   ,2
BARPETA ROAD   ,24
GUNDLA KAMMA   ,4
HARDUA         ,3
SANKA          ,2
NURMAHAL       ,2
KAMAREDDI      ,33
CHAKROD        ,3
DURGAPURA      ,45
SRI KALAHASTI  ,30
KOTIKULAM      ,6
GACHHIPURA     ,4
KANKROLI       ,2
NAWAPARA ROAD  ,10
MOHANLALGANJ   ,4
IQBAL GADH     ,2
ERANIEL        ,12
LOHARU         ,10
SANTAMAGULUR   ,4
FEROK          ,35
BHORTEX        ,4
VETAPALEM      ,10
HANDIA KHAS    ,2
PATIALA        ,15
GURSAR SHNEWALA,4
REGUPALEM      ,2
POTHIA         ,2
TINDHARIA      ,1
ALAMANDA       ,4
ARAND          ,2
ANANTARAJUPET  ,2
MANDAPAM       ,10
NARASAPUR      ,10
TAHSIL FATEHPUR,2
LILAPUR ROAD   ,2
ANAND NAGAR    ,4
GURAMKHEDI     ,2
CHAURA         ,4
BAGBAHRA       ,14
BASAMPALLE     ,2
SAGAULI JN     ,22
KAYALPATTINAM  ,2
RAE BARELI JN  ,59
NIMDIH         ,2
SINGAPURAM ROAD,18
KOLAKALUR      ,2
SIRAS          ,3
VIDYAPATIDHAM  ,3
ALIPUR DUAR JN ,28
PIPRAIGAON     ,6
SUBRAHMANYA RD ,6
LAXMIPUR ROAD  ,6
VIRBHADRA      ,2
SHUJALPUR      ,68
FATEH SINGHPURA,8
PATAL PANI     ,4
HOSHIARPUR     ,2
SEVAGRAM       ,67
BOBBILI        ,32
LOKDHIKHERA    ,6
TIRCHRPALI FORT,6
PITHAPURAM     ,21
JAGDEVWALA     ,4
MACHILIPATNAM  ,9
RMKRSHNAPRM GTE,2
POTUL          ,6
MANDASA ROAD   ,4
BARNALA        ,19
AMAGURA        ,2
BATALA JN      ,9
BARCHI ROAD    ,3
DIVA           ,23
TIRUPARANKNDRM ,4
TALIT          ,2
ARUPPUKKOTTAI  ,2
VENKATACHALAM  ,2
NEYYATTINKARA  ,14
VIJAYAWADA JN  ,313
TANDUR         ,34
PTNSNGI TWN HLT,6
GHONSOR        ,9
MACHARYA       ,2
PIMPALKHUTI    ,3
DASNA          ,2
MADHI          ,9
YAKUTPURA KCG  ,2
MANUGURU       ,4
PIPALDA ROAD   ,2
PARTUR         ,32
KAZHAKUTTAM    ,13
MIHINPURWA     ,2
TARIKERE JN    ,10
DHAMORA        ,2
GARHI HARSARU  ,11
MUHAMMADABAD   ,18
SIKANDRA RAO   ,2
P BRAHMADEVAM H,2
SEONI          ,2
MUSAFIR KHANA  ,22
ANJANI         ,4
DHIGAWARA      ,2
BHALUKMARA     ,2
RANIBENNUR     ,35
KOREGAON       ,7
DHULE          ,4
HYDERABAD DECAN,42
HARKIA KHAL    ,2
BHAGALPUR      ,56
SALOGRA        ,6
BHATPAR RANI   ,14
AHERWADI       ,2
SHAITANSINGHNGR,1
GEDE           ,4
LORHA          ,3
BASWA          ,9
BHANDU MOTIDAU ,2
TUNDLA JN      ,99
CHHINDWARA JN  ,11
LAKHNA         ,2
BARHARWA JN    ,26
HARIHAR        ,37
KRISHNARAJNAGAR,12
WAIR           ,1
CHORAL         ,4
CHHAPI         ,7
MAULA ALI      ,18
SIGADAM        ,2
CHANDRAPURA JN ,36
AKBARNAGAR     ,18
KUNEANGANJ     ,4
MANDI BAMORA   ,19
KAIMA          ,2
BHABUA ROAD    ,55
KANWALPURA     ,1
NARNAUL        ,10
SETTIGUNTA     ,2
WAZERGANJ      ,2
GODAVARI       ,29
KUTTIPPURAM    ,34
PERAMBUR       ,42
PIRAVAM ROAD   ,12
NADIAD JN      ,143
MANAMADURAI JN ,20
NILOKHERI      ,4
SILAUT         ,2
OSIYAN         ,11
KUKRA KHAPA    ,6
MASKANWA       ,14
PINDRA ROAD    ,2
BAMRA          ,25
NALHATI JN     ,17
SOMALAPURAM    ,2
SAMAKHIALI B G ,34
BARKA KANA     ,26
BHATISUDA(HALT),3
BHILDI         ,12
RAJMANE        ,2
SENGOTTAI      ,2
VIRAPUR        ,4
JAMIRGHATA     ,2
NIMTITA        ,11
SHIKARA        ,9
KATHUA         ,62
GULLAGUDA      ,4
KHARWA         ,2
PETTAIVAYATALAI,1
AGRA FORT      ,52
LOKMANYA NAGAR ,4
PIPARIYA       ,75
MANDAGERE      ,4
BINNAGURI      ,8
LAKKAVARAPUKOTA,1
PEDDAKURAPADU  ,4
KHADA          ,4
INDARGARH      ,38
SOMANAYAKKANPTI,2
TALAKHAJURI    ,4
CHIKJAJUR JN   ,17
MAMAN          ,1
DUNGARPUR      ,2
LAWA SARDARGARH,2
PINDIAL        ,4
PARSABAD       ,9
BOLARUM        ,11
BARPATHAR      ,6
KUDSAD         ,4
TURKAPALLI     ,2
ASHAPURA GOMAT ,11
RANI           ,26
KHURAI         ,24
DHAMALGAON     ,2
ADUTURAI       ,6
ROWRIAH SDG    ,2
HEMAGIRI       ,4
MALKAPURAM     ,6
ATTABIRA       ,6
JADCHERLA      ,16
SOMNATH        ,6
CHANDOK        ,4
DIBRUGARH TOWN ,4
JIRAT          ,2
BORVIHIR       ,2
KANAMALO PALLE ,2
UPPUGUNDURU    ,2
TSUNDURU       ,5
KUNKI          ,2
KHAIRATABAD    ,3
MAHBUBABAD     ,45
REN            ,6
VENKATAMPALLE  ,2
LALPUR JAM     ,6
NIM KA THANA   ,10
HIRAKUD        ,10
HARICHANDANPUR ,4
CHICHAKI       ,2
KHAMIL GHAT    ,2
KRISHNASHILLA  ,4
PAKARA ROAD    ,2
TINPAHAR JN    ,14
SALMARI        ,4
SATULUR        ,6
TADALI         ,2
ALAMPUR        ,6
PATNA SAHEB    ,118
YELLAKARU      ,2
KETTI          ,4
BARIPADA       ,2
CHARAMULA KUSUM,2
SHEGAON        ,34
MANGOLPURI     ,1
PRAYAG GHAT    ,2
ANAND VIHAR    ,79
BARAHU         ,2
CHIDAMBARAM    ,28
BHANSI         ,2
GUNTAKAL JN    ,99
UMARIA ISPA HLT,2
VIZIANAGRAM JN ,149
CHHABRA GUGOR  ,12
PALAKKAD       ,105
DAREKASA       ,2
FAIZULLAPUR    ,1
GURARU         ,13
KEMRI          ,3
GAZULAPALLI    ,6
GANGAYAPALLE   ,2
BHEDIA         ,4
ASLAODA        ,3
GOLLAPALLY     ,2
WADSA          ,4
MARWAR RANAWAS ,2
BARAKAR        ,18
station,load
BOISAR         ,38
KALI SINDH     ,16
AMRITAPURA     ,2
GHOKSADANGA    ,2
LAHLI          ,2
SUKHISEWANIYAN ,2
BILASPUR JN    ,129
MANTHRALAYAM RD,47
PANAPAKAM      ,4
CHANNAPATNA    ,21
MAUHARI        ,12
TAMBARAM       ,60
NANA           ,4
SOLAN BREWERY  ,2
CHANDRAKONA RD ,14
NIDUBROLU      ,25
KAMTAUL        ,10
ANDUL          ,4
BHILAVDI       ,7
ARA            ,80
BARYA RAM      ,1
CHALSA JN      ,1
PAYYOLI        ,4
KOLLAM JN      ,112
SARAI KANSRAI  ,7
AKURDI         ,3
BARI BRAHMAN   ,8
ANTU           ,13
TISUA          ,3
HILLIGROVE     ,2
HIRDAGARH      ,3
KORUKONDA      ,4
DUBAHA         ,2
KARAMNASA      ,9
ANCHELI        ,5
MANDASOR       ,25
RAHAMA         ,4
SURAJPUR ROAD  ,4
ANPARA         ,3
KARAUTA        ,13
LABHA          ,10
BELRAYAN       ,2
RUSERA GHAT    ,2
SOMPETA        ,37
SANGARIA       ,12
THATHANA MITHRI,2
NAINI          ,28
VIRAVASARAM    ,8
GANDHISMRITI   ,1
AKODIA         ,19
BARABHUM       ,17
GUMMAN         ,2
JARGAON        ,2
B CEMENT NAGAR ,8
SINDPAN        ,1
VIVEKA VIHAR   ,4
PAGLA CHANDI   ,4
HAMIRGARH      ,2
MURTI          ,4
TIRUPADRIPULYUR,22
TAKIA          ,2
DUMURDAHA      ,2
TARGAON        ,5
CHOLA          ,5
IZZATNAGAR     ,6
FAKIRAGRAM JN  ,17
ANGAMALI       ,44
ASIFABAD ROAD  ,2
MOHADI PRGN LNG,2
PIRTHIGANJ     ,1
SOLAPUR JN     ,100
HALDIA         ,4
PALITANA       ,2
TIMARNI        ,15
NAGAPPATTINAM  ,10
ANGAR          ,2
CHAUK          ,2
GONDWANAVISAPUR,2
CHANDIL JN     ,21
GHAZIPUR CITY  ,30
JIGNA          ,1
RAJPURA JN     ,59
GANDHINAGAR CAP,6
RATLAM JN      ,127
BARWAHA        ,4
SINGARAYAKONDA ,27
JASIDIH JN     ,116
TIKIRI         ,6
TUREKALA ROAD  ,2
LATUR          ,20
KHATIPURA      ,2
PURI           ,82
DALIGANJ       ,6
KARAIKKUDI JN  ,16
MUKTAPUR       ,1
SABLI ROAD     ,2
CHORGHATPIPARIA,7
BARA JAMDA     ,6
BEHTAGOKUL     ,2
SINDI          ,9
HINGOLI DECCAN ,26
GANGARAMPUR    ,4
KOVILPATTI     ,54
KHALARI        ,13
MANCHESWAR     ,16
RAZAMPETA      ,35
NERGUNDI       ,15
KIUL JN        ,134
NARWANA JN     ,29
KAILAHAT       ,2
SWARUPGANJ     ,4
MIHRAWAN       ,2
BIJAINAGAR     ,23
HAZARIBAGH RD  ,24
JEUR           ,19
BHATAPARA      ,73
BELGHARIA      ,1
VALIGONDA      ,2
SOMESHWARA     ,2
POLUR          ,4
YALVIGI        ,4
HARCHANDPUR    ,16
BUTARI         ,2
THARSA         ,2
MAGRA          ,1
UDGIR          ,16
KAPREN         ,8
RAJANKUNTI     ,4
HARRAWALA      ,2
LONAND         ,7
JOYCHANDI PAHAR,19
BHADBHADAGHAT  ,2
MODNIMB        ,8
MAKRERA        ,2
MUDDANURU      ,14
KUMBHRAJ       ,8
UKLANA         ,2
SANTALDIH      ,6
GHATKESAR      ,6
REPALLE        ,4
MAHUDA         ,4
KANDRA         ,11
CHITRAKOT      ,21
MUDIGUBBA      ,2
PONDUGULA      ,2
SALWA          ,1
CHANDAWAL      ,2
JITAKHERI      ,2
ALAMPUR ROAD   ,1
MERTA ROAD JN  ,71
WENA           ,4
GANAUR         ,15
MALAKHERA      ,7
BAGALKOT       ,18
FALAKNUMA      ,4
BOMADRA        ,2
MAHOLI         ,2
NANDRE         ,1
NERAL          ,3
FARAH TOWN     ,2
WARORA         ,15
UMAR TALI      ,2
MANKAR         ,7
TETELIA        ,2
KENDUJHARGARH  ,4
ANNAVARAM      ,50
DEWANGANJ      ,5
UGRASENPUR     ,7
TADWAL         ,8
KAMALNAGAR     ,6
SULTANPUR LODI ,4
DAVANGERE      ,49
MURHIPAR       ,1
ASARVA JN      ,2
LAOPANI        ,2
DULIAJAN       ,8
BILWAI         ,4
URKURA         ,1
CHACHAURA BNGJ ,12
BHATTIPROLU    ,4
ANKORAH AKORHA ,10
HARRI          ,8
BUDVEL         ,3
SAINTALA       ,7
KANIL          ,4
LAL KUAN       ,22
AYODHYA        ,42
CHINNA GANJAM  ,13
KARAIKAL       ,6
HIRENANDURU    ,2
AHMADGARH      ,9
CHANETI        ,3
PARBATI        ,9
ASHOKAPURAM    ,2
KADAMBUR       ,10
RAGHURAJ SINGH ,2
VEDCHHA        ,5
PALANI         ,2
BARGARH ROAD   ,42
ALANDI         ,1
PARTAPGARH JN  ,51
DHAMPUR        ,15
BILIMORA JN    ,22
FAZILKA        ,2
MEGHNAGAR      ,42
MANGELA        ,2
EDDULADODDI    ,4
GUDIMETTA      ,6
PANDURANGAPURAM,2
MANKAPUR JN    ,53
MARAMJHIRI     ,2
TAKU           ,2
RUPSA JN       ,6
MALARNA        ,8
PHILLAUR JN    ,37
MUNABAO        ,2
KRISHNARAJAPURM,81
CHATA          ,9
GOSSAIGAON HAT ,6
KHAGA          ,9
SAHIBPUR KML JN,8
JAMBARA        ,3
KAYANKULAM JN  ,94
ADI SAPTAGRAM  ,1
KUMBAKONAM     ,24
CHAWAPALL      ,2
KOTI           ,2
DEVARAPALLI    ,2
VIRDEL ROAD    ,1
VAITARNA       ,2
JIAGANJ        ,10
RANPUR         ,6
LAMBHUA        ,12
DAHOD          ,68
THOKUR         ,24
CHILUVUR       ,2
AMAUSI         ,1
DHAVALAS       ,2
BHALUI         ,10
PULLA          ,4
JHARILI        ,2
CHHOTI ODAI    ,2
BADARWAS       ,4
MANDAWAR M RD  ,10
BALLY          ,1
ITWARI         ,15
NOKHA          ,38
DWARKA         ,30
HOLALKERE      ,3
ALMATTI        ,12
GIDAM          ,2
KALYANI        ,4
MAMDAPUR HALT  ,2
GOP JAM        ,2
PIPLA HALT     ,3
PATHARIA       ,21
SOHWAL         ,9
BHAGWANPUR     ,10
KADAYANALLUR   ,2
VELDURTI       ,2
BIDANPUR       ,1
KARPURIGRAM    ,8
DEVRI P.H      ,3
BILASPUR ROAD  ,10
KOLAYAT        ,2
EKMA           ,11
NEW BONGAIGAON ,94
BHILAI PWR HS  ,35
SANVERDAM CHUCH,14
PURNA JN       ,71
SAUSAR         ,6
KHARESHWAR ROAD,2
RAYBAG         ,10
NANDURA        ,23
VIRANI ALUR    ,3
HEBSUR         ,2
CHALLAVARIPALLE,2
JUTOGH         ,6
VILLUPURAM JN  ,94
VIJIYPUR JAMMU ,18
MISRAULI       ,5
VIROCHANNAGAR  ,2
UKAI SONGADH   ,7
BIRLANAGAR     ,2
GAUSHALA       ,2
PANTNAGAR      ,2
NALANDA        ,7
TIMBARVA       ,5
ARNETHA        ,2
GUDAPARTI      ,2
KALMESHWAR     ,2
MAHROI         ,2
PATAS          ,8
NUNKHAR        ,2
BANAPURA       ,13
SITALPUR       ,4
MOKHOLI        ,2
MAKUDI         ,2
DUMARIYA       ,2
CHIRMIRI       ,9
JUTURU         ,2
SRIRAMNAGAR    ,7
DALSINGH SARAI ,33
JAMALPUR JN    ,55
NALWAR         ,15
JULANA         ,7
SAMBHAR LAKE   ,13
CHERIYANAD     ,2
HALDIBARI      ,6
TIRUPPUR       ,125
KANIWARA       ,2
BADMAL         ,12
BILGA          ,2
SANGLI         ,36
SHELGAON       ,4
DHARIWAL       ,7
REWARI         ,78
HANWANT        ,2
BHANDARA ROAD  ,38
ANK MMR DIRECT ,36
BAIKUNTH       ,2
KALHAR         ,7
CHITTARANJAN   ,88
ISAND          ,2
MOTIPUR        ,10
SHERTALAI      ,29
MANGAL MAHUDI  ,1
TADEPALLIGUDEM ,69
DATIVLI        ,4
DUMKA          ,2
DHATRIGRAM     ,1
BOBAS          ,3
BAITALPUR      ,2
PATCHUR        ,2
KALIANPUR      ,3
MAYYANAD       ,8
RAJAPUR ROAD   ,8
SANGANNAPUR    ,4
GURHI          ,4
AIT            ,11
LIMBGAON       ,7
PARSNEU        ,4
HASTAVARAMU    ,2
ONTIMITTA      ,2
RANGAPARA NORTH,6
ANAVARDIKHANPET,2
SAMASTIPUR JN  ,102
JALSU          ,2
GAZOLE         ,6
BAGRA TAWA     ,6
BHOJIPURA JN   ,6
RENIGUNTA JN   ,136
WARIS ALEGANJ  ,4
RATHDHANA      ,1
LUNKARANSAR    ,16
SONBARSA KCHERI,2
NARAYANAPURAM  ,2
HAJIPUR JN     ,97
NAGARUR        ,4
KADALUNDI      ,2
SAMSI          ,17
BALAGARH       ,2
CHAKRADHARPUR  ,59
BUTI BORI      ,2
NANGUNERI      ,10
TANAKPUR       ,2
BATHINDA CANTT.,3
PRANTIK        ,18
DADPUR         ,2
BAKANIAN BHAUNR,3
PANVEL         ,80
NILESHWAR      ,18
PATNA JN       ,191
BETAVAD        ,4
SAIYID SARAWAN ,3
VERAVAL        ,14
PIPAR ROAD JN  ,7
MUNDERWA       ,2
KASARA         ,24
MANIGRAM       ,2
SARDARNAGAR    ,3
SHRI MADHOPUR  ,6
JAIPUR         ,172
BISRA          ,8
BELDA          ,12
SUWASRA        ,15
DABTARA        ,8
AJARAKA        ,2
SIMHACHALAM    ,28
NIYOL          ,5
TINDIVANAM     ,32
FARIDABAD      ,73
KAKARGHATTI    ,4
TATIBAHAR      ,2
DHONDI         ,4
BHUJ           ,16
CHARLAPALLI    ,9
KENGERI        ,32
SARDIHA        ,2
APTA           ,4
OBAIDULLA GANJ ,12
MAHANADI       ,2
BORIVALI       ,120
S VENKTESWRPALM,2
KOMAKHAN       ,2
BASTI          ,78
MAJHOLA PAKARYA,2
DUGGIRALA      ,8
NAGLATULA      ,2
SAFILGUDA      ,2
TAKARI         ,11
OMKARESHWAR RD ,4
DUM DUM        ,19
KANTAKAPALLE   ,4
BAIGUDA        ,2
OTTAPPALAM     ,40
MADANKATA      ,2
ANAS           ,4
BISUGIRSHARIF  ,2
NIDHANI        ,3
SAKHPUR        ,2
RAFIGANJ       ,17
SILAO          ,2
SHOLAVANDAN    ,11
AMARDA ROAD    ,2
ANGUL          ,43
GUNDARDEHI     ,2
BARWA SAGAR    ,6
ANANTAPUR      ,76
DEVI HALT      ,4
PANAGARH       ,25
MUKTSAR        ,2
DELHI          ,127
PANDAUL        ,6
KAKIRIGUMMA    ,2
SOMRA BAZAR    ,2
LOLIEM         ,2
KALAMB ROAD    ,2
MANDI DHANAURA ,7
DESHNOK        ,18
DALMERA        ,4
GUNTUR JN      ,58
SUBEDARGANJ    ,6
CHAKUR         ,2
NAGPUR ROAD    ,4
BALASORE       ,123
PORBANDAR      ,14
KAJRAT NAWADIH ,6
ATTUR          ,6
KYATANEAKERI RD,2
VRIDHACHALAM JN,53
RAY            ,9
MOHOL          ,10
NANDURBAR      ,62
PUGALUR        ,12
AMBALE         ,1
OBULAVARIPALLI ,8
GANGAGANJ      ,4
PEDDADINNE     ,1
SIRAJNAGAR  H  ,2
UNGUTURU       ,4
KAKORI         ,4
BHANWAR TONK   ,8
ROURKELA       ,87
KILIKOLLUR     ,2
MUKHTIAR BALWAR,4
SIDDHPUR       ,24
BHATNI JN      ,50
REOTI B KHERA  ,4
MANHERU        ,2
JABALPUR       ,163
JALPAIGURI     ,6
MEDAPADU       ,5
ERNAKULAM TOWN ,80
NAIKHERI       ,3
PAYRADANGA     ,1
PATHRALA       ,3
POWERKHEDA     ,2
MALLIVIDU      ,2
DALMAU JN      ,2
BHAGWANGOLA    ,8
JAITIPUR       ,1
HOWRAH JN      ,230
DAUSA          ,50
TENALI JN      ,89
MANENDRAGARH   ,9
TO DARJEELING  ,6
DHEENA         ,2
CHATTRIPUT     ,2
CHENNASANDRA   ,2
CHALLAKERE     ,4
CHIKNI ROAD    ,2
RAOTI          ,4
DILMILI        ,2
BELA TAL       ,4
NAVAGADH       ,8
SHIVAJI BRIDGE ,2
BELA           ,6
BANGROD        ,6
KARGI ROAD     ,17
UNKAL          ,2
BHARATPUR JN   ,79
VILAYATKALAN RD,3
KIKAKUI ROAD   ,5
DOIKALLU       ,2
GEGAL AKHRI    ,2
PALANA         ,2
LONI           ,8
BALOTRA JN     ,10
RANAGHAT JN    ,10
PILIBHIT JN    ,6
KARIGANURU     ,4
GAMHARIA       ,6
SUWANSA        ,1
HOLE ALUR      ,8
JARTI          ,2
SENAPURA       ,2
AGRA CANTT     ,155
PENNADAM       ,5
MAYAKONDA      ,4
ASALPUR JOBNER ,21
AGASOD         ,4
GUMMIDIPUNDI   ,2
BHITONI        ,2
MARWAR JN      ,86
PAMIDI         ,2
MARWAR MATHANYA,6
BAURIA JN      ,4
BHAVNAGAR TRMUS,16
SHIROOR        ,2
MODRAN         ,8
W R S COLONY PH,2
ANAND VIHAR TRM,53
PANJGAM        ,2
PHULAD         ,2
CHAKDAHA       ,4
RATNAGIRI      ,62
DHARUADIHI     ,4
JORAVARNAGAR   ,17
BAYANA JN      ,41
PHEPHNA JN     ,5
MANUBOLU       ,1
SEALDAH        ,54
RATNAPUR       ,2
PIPLODA BAGLA  ,3
HINDAUN CITY   ,33
KAWARGAON      ,2
MORKADHANA     ,2
SHENDRI        ,2
PACHWAN        ,3
DESWAL         ,2
KIRODIMALNAGAR ,4
SHIVANI        ,5
AMRITSAR JN    ,82
KALANWALI      ,4
PARASHSHALA    ,10
ALLURU ROAD    ,1
KARUNAGAPALLI  ,33
TRIBENI        ,2
LACHHMANPUR    ,10
HARDAS BIGHA   ,4
BAGWADA (HALT) ,2
USMANABAD      ,20
JANWAL         ,6
BARAHAT        ,2
KHODRI         ,8
HANAKERE       ,4
DHINDA         ,3
JATUSANA       ,2
HODAL          ,2
SHIMILIAGUDA   ,2
SINDHAWADAR    ,4
MALKISAR       ,4
BORDI          ,4
DABIRPURA      ,2
KOTMA          ,14
BHONGIR        ,18
KAMSHET        ,6
SANT ROAD      ,4
CHILKA         ,10
TALAMANCHI     ,1
BIJNI          ,2
RUPBAS         ,6
AJNOD          ,2
HIMMATNAGAR    ,2
ALUABARI ROAD  ,24
NIRA           ,7
KANCHIPURAM    ,4
BAIRAGNIA      ,8
JUNG BAHADURGNJ,2
MANGALORE CNTL ,42
KHURJA JN      ,30
KOLVAGRAM      ,2
KAPTANGANJ JN  ,16
RAHENBATA      ,2
NIDADAVOLU JN  ,57
KONNUR         ,1
CHIHERU        ,1
PUNKUNNAM      ,19
KULHARIA       ,8
MADGAON        ,85
BAGWALI        ,4
ULUBARIA       ,14
KALIKIRI       ,6
CHALAMA        ,6
DANKUNI        ,11
NARSINGHPUR    ,66
BHUSANDPUR     ,8
POTLAPADU      ,4
SONAKHAN       ,4
SUJANGARH      ,8
BABRALA        ,4
JIYAPURAM      ,1
NARAYANPUR     ,12
DANDUPUR       ,7
KUNDAPURA      ,26
CHAKULIA       ,14
HALDAUR        ,7
PULLAMPET      ,6
PACHHAPUR      ,2
BORIDAND       ,12
NAGARWARA      ,7
KOLNUR         ,2
CHAKIA         ,14
BAROG          ,8
SURPURA        ,2
CHIGICHERLA    ,4
S BHAKHTIYARPUR,12
KOMALI         ,2
GANGAKHER      ,20
DUMURIPUT      ,2
PATANSAONGI    ,4
JALANDHAR CITY ,90
JAMSAR         ,4
NAWA CITY      ,17
HAIDERGARH     ,8
BETUL          ,84
PEDANA         ,7
PAYAGPUR       ,2
CHANNANI       ,2
BHONGAON       ,4
KUMSI          ,2
BHESTAN        ,5
MUHAMMADGANJ   ,10
KHANA JN       ,6
JAGUDAN        ,2
MANDAVALLI     ,4
GOTLAM         ,2
DEVPURA        ,2
JHAJHA         ,105
BHALUMASKA     ,2
GOUR MALDA     ,2
VYARA          ,19
VENKATNAGRA    ,8
HATPURAINI     ,2
RAPARLA HALT   ,2
KHAMMAM        ,86
ITIKYALA       ,1
KANKAVALI      ,24
SAGONI         ,3
VENDRA         ,4
MANIKUL        ,2
GILL           ,2
N GHAZIABAD    ,8
SARAGAON RD HLT,1
BANDRA TERMINUS,81
HATIA          ,32
BOKARO THERMAL ,4
INDI ROAD      ,14
SATHAJAGAT     ,1
SADULSHAHR     ,2
KATOL          ,27
ANAKAPALLE     ,70
GUMTHAL        ,2
SADISOPUR      ,10
WANKANER JN    ,51
PIPARDAHI      ,2
UTTUKULI       ,3
FAIZABAD JN    ,61
MADHUBANI      ,16
VERNA          ,2
ABU ROAD       ,93
MINCHNAL       ,6
PANIPAT JN     ,82
KUANRIYA       ,2
JHARSUGUDA JN  ,94
LAKHOLI        ,2
KAKAPORA       ,2
ALLAHABAD CITY ,25
KOTALA         ,2
BHOMA          ,2
KURLAS         ,1
SAMBALPUR      ,61
AMBALA CITY    ,41
IDAPLLI        ,7
BHEJA          ,2
KALINARYNPUR JN,3
JEJURI         ,7
MANDALGARH     ,8
CHARVATTUR     ,20
TALCHER ROAD   ,34
HARISCHANDRPUR ,17
JABLI          ,2
AMRAVATI       ,11
KALAMALLA      ,2
SANK           ,1
DULLAHAPUR     ,13
AMROHA         ,44
BELLAMKONDA    ,3
POKHARNI NRSNHA,4
KENDRAPARA ROAD,1
ANTAH          ,8
SAMBA          ,28
NAWADAH        ,4
VAILAPUZHA     ,2
EKCHARI        ,10
BANKURA        ,40
SURER          ,2
KADETHAN       ,7
AUWA           ,2
BILHAR GHAT    ,1
KIRAOLI        ,6
ULLAL          ,2
KHAJURAHO      ,6
SANGMESHWAR    ,10
CHANDI MANDIR  ,8
MELATTUR       ,2
BAHADURGARH    ,33
MUNIRABAD      ,9
TIRUKOILUR     ,6
HOL            ,4
BHOPALKA       ,4
DHODHAR        ,5
DEOGHAR        ,2
KELOD          ,4
RURA           ,16
GULABPURA      ,2
JAWALI         ,4
ADGAON BUZURG  ,4
SARAI          ,2
SITABINJ       ,2
JALGAON JN     ,141
DINKAR GRAM SIM,6
SULTANPUR      ,50
GUMIA          ,6
CHANDAN NAGAR  ,11
RAGHUNATHPUR   ,18
UNJALUR        ,18
SHEIKPURA      ,4
MAHUGARHA      ,4
NARANGI        ,4
SURAIMANPUR    ,28
UTRAN          ,4
KESAVARAM      ,2
KUSMHI         ,2
SHAHGANJ JN    ,53
KOTHACHERUVU   ,2
GIDDALUR       ,18
CHAINPUR       ,4
BANI           ,4
BANKA          ,2
MUZZAMPUR NRYN ,9
LALAWADI       ,1
TALWANDI       ,2
SHORANUR JN    ,112
MAHOBA         ,18
KOSGI          ,6
SAMUDRAGARH    ,1
BORIBIAL       ,2
BOHANI         ,2
SONWARA        ,2
MAHALI MARUP   ,6
SANTALPUR      ,4
SARASWATINAGAR ,2
KAPPIL         ,2
KAURHA         ,2
RAMGIRI        ,3
CHENNAI BEACH  ,34
ASANSOL JN     ,190
BORRAGUHALLU   ,2
MADAN MAHAL    ,29
GANJ BASODA    ,48
ADAVALI        ,6
MARWASGRAM     ,4
BHATINDA JN    ,50
DIWANKHAVATI   ,4
KHARWA CHANDA  ,2
BORHAT         ,4
DHUBULIA       ,4
KANDAGHAT      ,6
THANE          ,146
NAGAR UNTARI   ,12
APPIKATLA      ,2
SIRATHU        ,9
SHRI BALAJI    ,2
LAJPAT NAGAR   ,3
MARTHIPALAYAM  ,2
JINTI ROAD     ,2
KADUR          ,30
SAKALDIHA      ,8
GUDHA          ,2
PANSKURA       ,25
GORESUAR       ,2
HAIAGHAT       ,12
HADDINAGUNDU   ,4
LUCKEESARAI JN ,50
UNCHHERA       ,19
SEYDUNGANALLUR ,2
HAGARI         ,4
SAGADAPATA     ,2
MANAURI        ,3
DAGHORA        ,4
ADHARTAL       ,4
PHULESWAR      ,4
KARONJI        ,4
GURGAON        ,61
AMBARNATH      ,6
SILIGURI JN    ,21
RAMNAGAR BENGAL,4
DANWAR         ,1
DESHAPRAN P.H. ,2
PAPANASAM      ,10
BIRAMDIH       ,2
LAHABON        ,2
TODARPUR       ,2
BANSI PAHARPUR ,2
PARSODA        ,5
SIKANDARPUR    ,1
TANAKALLU      ,2
KHALILPUR      ,1
JORAVASAN      ,2
CHATRAPPATTI   ,2
BHERAGHAT      ,2
KHERLI         ,12
MURI           ,67
KESHOD         ,14
SAIJ SERTHA RD ,2
LELIGUMA       ,2
ONDAGRAM       ,8
DANEA          ,2
KOHIR DECCAN   ,2
SINGRAULI      ,19
TAMNA          ,2
PATHRAD        ,5
AKANAPET       ,8
KISHANGARH     ,68
MURTAJAPUR     ,32
PANPALI        ,4
BANTA RNATHGARH,2
VALAPATTANAM   ,4
DHABAN         ,8
MORAK          ,7
MAHIPAL ROAD   ,2
UNTARE ROAD    ,10
RAJAWARI       ,2
SAUGOR         ,63
LAKODARA       ,2
MANWATH ROAD   ,26
MANDHAR        ,2
CHIRALA        ,65
REWRAL         ,2
ATTAR          ,4
RANJANI        ,6
WIHIRGAON      ,2
AMARPURA RATHAN,2
KAKINADA TOWN  ,20
KANNAUJ        ,22
MAHWA          ,2
NENPUR         ,4
SONADANGA      ,4
BHATIYA        ,8
BYADGI         ,4
SARONA         ,2
PENUKONDA      ,12
RAMPARDA       ,4
DELANG         ,2
MOR            ,14
TUFANGANJ      ,2
JHARRADIH      ,4
SARKONI        ,1
RISHIKESH      ,4
TIRUCHRPLI PLKI,1
DHAUNI         ,2
GORINJA        ,2
BIBINAGAR      ,11
MEERUT CITY    ,54
GATORA         ,5
JHALAWAR ROAD  ,12
SANGOLA        ,11
C SHAHUMHARAJ T,27
DOLAJI KA KHERA,2
MIRYALAGUDA    ,30
MALLICKPUR HAT ,2
KHATIMA        ,2
GAUTAMDHARA    ,27
LINGAMGUNTLA   ,2
KAITHAL        ,2
THANA BIHPUR JN,19
ODDANCHATRAM   ,2
TIKUNIA        ,2
OKHA MADHI     ,2
ISMAILA HARYANA,1
BASSI PATHANAM ,2
ROHA           ,23
AGRA CITY      ,8
NARAINA        ,19
WYNDHAMGANJ    ,10
SIKARPAI       ,2
MORBI          ,4
ASOKHAR        ,2
NIVASAR        ,2
BIRUR JN       ,50
MUMBAI CST     ,101
ERRUPALEM      ,4
CHAMAGRAM      ,2
KOPA SAMHOTA   ,1
PATHANKOT      ,17
BAWAL          ,5
SITAPUR        ,3
PADSE          ,4
MARWAR LOHWAT  ,4
LUDHIANA JN    ,176
KOTTA PNDLPALLI,2
KHALILABAD     ,56
KODUMUDI       ,8
VALIVADE       ,9
RAIGIR         ,4
KARAILA ROAD JN,6
GIRIMAIDAN     ,2
ATRU           ,4
HALDIPADA      ,2
JOGAL          ,2
SONPUR JN      ,71
KUNDARA EAST   ,2
KOTTAPALLI     ,2
SUKNA          ,1
KANAKOT        ,3
CHUDA          ,4
KANNAPURAM     ,18
KHADKI         ,17
SUDAMDIH       ,2
CHAPARMUKH JN  ,31
ARJUNI         ,2
GOOTY          ,88
CHALAKUDI      ,36
GURNAY         ,2
PEDDAMPET      ,2
GONEANA B JAGTA,6
TUMSAR ROAD    ,30
BORTALAO       ,2
CHAJLI         ,3
KORAI HALT     ,2
NIVARI         ,8
BANDH BARETA   ,2
ATTILI         ,14
KAIRLA         ,2
MANOHARPUR     ,16
GUNA           ,50
PIPRAICH       ,5
UNCHI BASSI    ,1
NAYAGARH       ,4
SATTENAPALLE   ,26
BHIND          ,4
KURICHEDU      ,8
H SAHIB NANDED ,72
KAUKUNTLA      ,1
JARWAL ROAD    ,16
YERRAGUNTLA    ,42
SAMLAYA JN     ,4
JANKAMPET JN   ,5
UDAGAMANDALAM  ,4
GAHMAR         ,18
DESARI         ,9
SAMARALA HALT  ,3
SUDHRANA       ,2
CHACHER        ,2
THAMLA MOGANA  ,2
DOMINGARH      ,3
SHRI KARANPUR  ,2
RAMARAJU PALLI ,2
PARIAWAN K.K.RD,12
DUMRI HALT     ,8
ROBERTSON      ,4
BANAR          ,4
POKHRAYAN      ,25
AMGAON         ,14
BHULON         ,2
BAGEVADI RD    ,10
SULERJAVALGE   ,2
VEMULAPADU     ,2
SANAT NAGAR    ,10
SATHIN ROAD    ,4
PUNDOOAH       ,1
METUR DAM      ,2
MODPUR         ,2
EDAVAI         ,2
NILAMBUR ROAD  ,2
DHUANKHERI     ,1
BELLAMPALLI    ,37
PHANDA         ,3
KOTMI SONAN HLT,4
RAJABERA       ,3
LALITPUR       ,66
PURNIA JN      ,4
HARPALGANJ     ,4
GADARWARA      ,29
CHAUKHANDI     ,6
NEW DELHI      ,239
CHOTI KHATU    ,6
SODPUR         ,1
SON NAGAR      ,19
JAMGA          ,4
RAKHA MINES    ,6
BANSH BARIA    ,2
GAJRAULA JN    ,22
BARDDHAMAN JN  ,152
PHIRANGIPURAM  ,6
BEAS           ,78
KAHILIYA       ,2
DEOJHAR        ,2
SILIGURI       ,1
BHILAI         ,8
SIURI          ,20
FAQARSAR       ,1
UTARLAI        ,4
BAHJOI         ,3
VELLORE CANT   ,12
KOPARGAON      ,72
NIZAMABAD      ,41
SUJANPUR       ,6
JAKKALACHERUVU ,2
AMARPURA       ,2
JHUNPA         ,1
NABENAGAR ROAD ,12
YEDSHI         ,2
YESVANTPUR JN  ,143
MEKRA MEMERKHAB,1
BANO           ,8
SAGARDIGHI     ,4
VALATHOOR      ,2
KOSAD          ,4
PERUNGUZHI     ,2
CHABUA         ,2
BHALKI         ,14
WADAKANCHERI   ,31
NEW FARAKKA JN ,69
MAHMUDABAD AVDH,2
BHILAINAGAR    ,6
MEHNAR ROAD    ,5
MANDAMARI      ,2
SHEDBAL        ,2
SIVUNGAON      ,6
NARELA         ,12
DANISHPET      ,3
DAKANIYA TALAV ,9
NUDURUPADU     ,5
LAUL           ,2
VAIBHAVWADI RD ,8
AMALSAD        ,13
DUNGRI         ,7
MAIRWA         ,17
KURABALAKOTA   ,2
MUKUNDAWADI HA ,8
HOSHANGABAD    ,49
NARIAOLI       ,5
TANGRA         ,3
MARIAHU        ,7
SIRJAM         ,4
GADADHARPUR    ,2
KADAKOLA       ,2
PALASA         ,82
BHAIRONGARH    ,4
BEHULA         ,1
BHAGWANPURA    ,2
ADHIKARI       ,2
JAGATBELA      ,3
LALGOLA        ,10
AMBATURAI      ,2
MANABAR        ,2
TSAKIBANDA     ,2
LIMBDI         ,9
DIDWANA        ,8
LAKHAMANCHI    ,2
BEGU SARAI     ,50
AZIMGANJ CITY  ,2
JHALIDA        ,18
KHONGSARA      ,8
NALOI BARWA    ,1
GANGIWARA      ,3
SALEKASA       ,6
KURI           ,2
BANASWADI      ,37
KACHEGUDA      ,55
KALDHARI       ,4
SINDHUDURG     ,14
KISHENGARH BLWS,2
WASHIM         ,26
BHIGWAN        ,15
RAGHAVAPURAM   ,2
SHIVALINGAPURAM,2
BALOD          ,2
VALLIKUNNU     ,7
SIBSAGAR TOWN  ,6
GUNDRATIMADUGU ,2
TUVVUR         ,2
SONI           ,4
SINDRIBLOCK HUT,2
VADOD          ,4
BALE           ,2
HIWARKHED      ,4
SAMPLA         ,11
LAKHMAPUR      ,2
BHOJO          ,8
MODINAGAR      ,19
DAULATPUR HAT  ,2
GANKAR         ,2
UNCHAHAR JN    ,14
TELAPROLU      ,4
DHEKIAJILI ROAD,2
RANCHI         ,62
KOMATIPALLI    ,4
MALHARGARH     ,5
KUNTIGHAT      ,2
KOTABOMMALI    ,6
BAGHUAPAL      ,2
SUNAM          ,15
PASIVEDALA     ,4
KACHEWANI      ,2
SHAKURBASTI    ,31
DARLIPUT       ,2
NAYANDAHALLI   ,2
AKOLNER        ,6
RUPNARAYANPUR  ,8
GHANTIKHAL NDPR,2
NAGANAHALLI    ,4
KARBIGWAN      ,1
PILKHUA        ,31
WADWAL NAGNATH ,4
GOLDINGANJ     ,2
RAI SINGH NAGAR,2
DHURI JN       ,46
KANSHBAHAL     ,8
TILATI         ,2
BALLENAHALLI   ,2
DELHI KISHANGNJ,19
GURPA          ,2
GARH DHRUBESWAR,2
BANTHRA        ,4
BISALWAS KALAN ,1
IKKAR          ,1
LAKHABAWAL     ,4
UNCHAULIA      ,2
CHAU MAHLA     ,15
DUDDHINAGAR    ,10
DAURAI         ,2
PARMANANDPUR   ,2
SALICHAUKA ROAD,6
BILESHWAR      ,1
BELLARY CANT   ,5
HATKANAGALE    ,16
KOSAMBA JN     ,24
BARBATPUR      ,4
SANKARANKOVIL  ,2
BODDAVARA      ,2
BELGAUM        ,39
UTARSANDA      ,4
BANDANWARA     ,3
VIRAR          ,13
GEVRA ROAD     ,1
JOGBANI        ,4
MIRZAPUR       ,145
TAKLIMIYA      ,5
SANICHARA      ,4
SATNA          ,138
RAJGARH        ,19
JARANGDIH      ,2
LIDHORA KHURD  ,3
PRADHANKHUNTA  ,4
KANOH          ,3
BACHELI        ,2
PARADIP        ,4
UPLETA         ,2
TAMLUK         ,18
DAMOH          ,57
DHANBAD JN     ,102
FALAKATA       ,10
DHANETA        ,2
PUDUKAD        ,8
JAMNAGAR       ,47
ALGAWAN        ,2
THURIA         ,3
BISSAMCUTTACK  ,6
TISI           ,4
MAKHDUMPUR GAYA,7
SAMNAPUR       ,7
JALALGANJ      ,14
MURUKKAMPUZHA  ,4
BARH           ,60
SENDRA         ,7
BHAGA JN       ,2
DHIRERA        ,8
TUIYA PANI     ,4
A N DEV NAGAR  ,13
SACHIN         ,9
PANIAHWA       ,5
RAJA KA SAHASPR,13
KANHANGAD      ,40
MANDRAK        ,2
UMRI           ,18
LACHYAN        ,6
ULAVAPADU      ,2
BHIMANA        ,2
MIYANA         ,4
ATHMAL GOLA    ,18
SURATGARH JN   ,18
HATHURAN       ,4
JIMIDIPETA     ,4
RASULABAD      ,1
MUNUMAKA       ,4
RITHI          ,5
GODAMGURA      ,2
NARKATIAGANJ JN,18
CHHARODI       ,4
RANYAL JASMIYA ,2
GULABHGANJ     ,9
JAI SAMAND ROAD,2
ANANDPUR SAHIB ,10
NAGARSOL       ,28
PACHOR ROAD    ,10
GALGALIA       ,2
KONDAGUNTA     ,2
RAVALPALI KALAN,4
BANGARAPET     ,70
KALADEHI       ,5
BHOnra         ,4
ISLAMPUR       ,4
BASAI          ,5
MURARAI        ,15
MADHOPUR PUNJAB,4
DHAKA          ,4
CHAVAJ         ,2
NUMALIGARH     ,2
PAYYANUR       ,44
BELVANDI       ,6
SAMALPATTI     ,4
BOLAI          ,5
PAREWADI       ,2
KABAKAPUTTUR   ,6
BIJORA         ,3
KARAJGI        ,4
KANAKPURA      ,10
CHINNEKUNTAPALI,2
PENDURTI       ,6
EZHUKONE       ,2
NABHA          ,15
WANEGAON       ,5
MAKUM JN       ,2
NINGALA JN     ,6
AMBLIYASAN     ,2
SHIVRAMPUR     ,3
SHAHABAD       ,32
SAVALYAPURAM   ,5
DHANAPUR ORISSA,2
LANKA          ,24
MANIKPUR JN    ,81
RAIPUR JN      ,141
KARMAD         ,6
BALABHADRAPURAM,2
ASLANA         ,3
BOKAJAN        ,16
BHADRAVATI     ,10
BADKULLA       ,4
PONMLAI GLD RCK,3
NAGAR          ,4
NAVABPALEM     ,4
KUP            ,2
TANGLA         ,4
SANGAT         ,8
KHANDIP        ,2
TARIGOPPULA    ,3
ROHTAK JN      ,51
PATHRI         ,1
DHARESHWAR     ,2
RAMAKONA       ,6
SAUNSHI        ,2
KUSHTAUR       ,2
ADITYAPUR      ,10
BUDDIREDDIPPATI,2
NANDGANJ       ,1
KALAMBOLI      ,4
VALLIYUR       ,23
KHUMTAI        ,2
BARKISALALYA   ,3
HARANYA KHERI  ,4
KADIPUR        ,2
GAUTAMSTHAN    ,1
KHALTIPUR      ,4
ODDARAHALLI    ,2
KURGUNTA       ,8
BHIMALGONDI    ,6
MISROD         ,2
DHULGHAT       ,4
BORDHAL        ,3
DONAKONDA      ,18
LAMANA         ,2
WATHAR         ,7
N J RAMANAL    ,4
KHANDWA        ,125
SURA NUSSI     ,1
DARA           ,3
MAKSI          ,59
HASIMARA       ,10
GURIYA         ,2
SONALLI        ,4
WASHIMBE       ,2
HILSA          ,4
THADI          ,2
MAHUVA JN      ,2
BILDI          ,3
MASAIPET       ,2
AMETHI         ,47
VATVA          ,4
HAPA           ,54
SALEM JN       ,154
RAMAN          ,2
DALGAON        ,14
POSOTIA        ,4
DANKAUR        ,1
NAGOTHANE      ,4
KADAVAKUDURU   ,2
AMBUR          ,25
CHANDANATTOP   ,2
KARCHHA        ,4
SHIUPUR        ,1
KALOL          ,8
CHHANERA       ,10
PILI BANGAN    ,16
BAHRAICH       ,2
PALIBA         ,2
DADHAPARA      ,1
LABAN          ,2
PORJANPUR      ,2
AHMEDABAD MG   ,1
KHARIA KHANGARH,4
KARAKAVALASA   ,2
KUMARHATTI     ,5
CHANDUR BAZAR  ,4
POKLA          ,6
PALIA          ,2
RAJ NANDGAON   ,56
BARDI HALT     ,1
RANIWARA       ,8
MUL MARORA     ,2
BELDANGA       ,10
PANIKHAITI     ,2
BHAYANDAR      ,1
KUNDLI         ,2
BUNIADPUR      ,6
BAJRANGARH     ,2
TIHU           ,2
KUPPAM         ,25
BANDIKUI JN    ,59
PATHARKHOLA S  ,2
TANUR          ,18
KANTABANJI     ,32
BARABAMBO      ,6
ZAFARABAD JN   ,20
BADAMPUDI      ,4
BEKAL FORT     ,3
PUNSIA         ,2
NAGANSUR       ,2
KUNERU         ,4
VIRAMGAM JN    ,102
KAMARKUNDU     ,8
GHAGWAL        ,6
BALPUR HALT    ,1
KANTHI P H     ,14
PAKUR          ,47
KALGUPUR       ,2
SEOHARA        ,11
NADBAI         ,12
GUNERU BAMORI  ,2
KHUDIRAM B PUSA,16
SHRUNGAVARPUKTA,2
DEWAS          ,66
PONDURU        ,6
MANOHARGANJ    ,4
GURLA          ,7
KOLAD          ,4
TOMKA          ,2
LUCKNOW NR     ,239
CASTLE ROCK    ,15
VERKA JN       ,2
MARTUR         ,2
PARSOLI        ,1
SANAHWAL       ,4
GANGADHARA     ,5
TURKI ROAD     ,6
ROZA JN        ,20
TIKEKARWADI    ,3
MALUGUR        ,1
DHAULPUR       ,39
SRIRAMPURAM    ,2
BANKA GHAT     ,8
BHINWALIYA     ,2
RAIRAKHOL      ,27
LAMSAKHANG     ,2
MACHHAKUNDA    ,2
BEVINAHALU     ,4
BHARTHANA      ,18
NIHALGARH      ,36
DARJEELING     ,12
MANDAPADU      ,2
GHUTKU         ,8
RANOLI         ,4
KUMRABAD ROHINI,2
KALA AKHAR     ,2
KAMPUR         ,10
SINGARPUR      ,2
GIRIDIH        ,4
VIKHRAN ROAD   ,4
ALAI           ,2
GORAKHPUR JN   ,136
AGOMONI        ,2
SHAMLI         ,4
KUHURI         ,8
ASWAPURAM      ,2
LAHERIA SARAI  ,24
SEMAPUR        ,12
HADMATIYA JN   ,5
BIRADHWAL      ,6
MADANPUR       ,1
AHMEDABAD JN   ,255
GUMADA         ,4
KAIKALUR       ,25
KUMHARI        ,4
BASNI          ,4
BIJURI         ,15
GOSALPUR       ,8
KAMARBANDHA ALI,2
FURKATING JN   ,29
PACHORA JN     ,25
SARAGBUNDIA    ,1
CHIMIDIPALLI   ,2
PATTIKKAD      ,2
TIMTALA        ,2
VIKARABAD JN   ,44
BARAL          ,3
SHANKARGARH    ,21
HARIPPAD       ,20
DABPAL         ,2
MALKAPUR ROAD  ,2
KARABOH        ,2
CHAMARAJ       ,2
MAHABUBNAGAR TO,2
NAGPUR         ,243
DEHRADUN       ,36
NAKTISEMRA     ,2
MULTAI         ,23
HASSAN         ,16
TIRUPATTUR JN  ,26
GHATAKA VARANA ,2
ARSIKERE JN    ,62
RUNKHERA       ,6
SETTIHALLY     ,2
CHORGI         ,2
BARRACKPORE    ,12
RAJ GANGPUR    ,29
KHAIRTHAL      ,33
BANKATA        ,6
KHUSROPUR      ,38
FATEHGARH      ,10
VISHVAMITRI    ,7
MARKAPUR ROAD  ,20
PILER          ,10
SIHOR GUJARAT  ,14
BALURGHAT      ,6
BANDARUPALLE   ,2
PENDRA ROAD    ,47
IRINJALAKUDA   ,34
GANGRAR        ,2
KODAGANUR      ,2
KARNA          ,2
RISAMA         ,2
AMARGOL        ,2
RAVIKAMPADU    ,2
MANDIR HASAUD  ,3
MANDI ADAMPUR  ,2
KRISHNA        ,16
BANSKHO        ,2
PAKKI          ,2
CHANDRESAL     ,2
NORLA ROAD     ,18
CHAUNRAH       ,4
ANKAI          ,10
BADWASI        ,2
NIMAR KHERI    ,4
GAROT          ,9
GULBARGA       ,67
TALJHARI       ,4
KHAMBHALIYA    ,30
DUMRAON        ,32
DHARANGAON     ,10
TIMMANACHERLA  ,5
WANPARTI ROAD  ,6
JHILMILI       ,2
LINGANENIDODDI ,4
SURELI         ,2
MAINPURI       ,4
NEW BALARAMPUR ,1
ORGA           ,4
CHANDRAGIRI    ,4
DABILPUR       ,2
UNCHDIH        ,1
PULGAON JN     ,27
PLASSEY        ,10
NAVADE ROAD    ,4
KALSUR         ,2
JAKHAPURA      ,4
NOAMUNDI       ,4
ANJHI SHAHABAD ,15
BAGNAN         ,8
NAYA KHARADIA  ,2
BIRBANS        ,3
BANAS          ,2
VADLAMANNADU   ,6
DEPUR PH       ,2
TUKAITHAD      ,4
AUSA ROAD      ,2
ARIYALUR       ,27
GUDIVADA JN    ,31
AMBARI FALAKATA,2
DAUND JN       ,117
SRIKRISHN NAGAR,8
VISWANATH CHRLI,2
NIMBHORA       ,2
GULAOTHI       ,2
BHOJUDIH JN    ,10
BHABTA         ,4
OLD MALDA      ,2
MANGLIYA GAON  ,6
MAU AIMMA      ,4
P AVATAPALLE   ,4
TIRUCHRPALI TWN,2
JAGDALPUR      ,8
DEOTALA        ,2
KHATU          ,2
GUDIYATTAM     ,15
KHAPRI KHEDA   ,6
INDAPUR        ,4
LOVEDALE       ,4
CHITRAPUR (H)  ,2
CHINNARAVURU   ,4
FATEHNAGAR     ,9
BALAWALI       ,3
ONGOLE         ,152
SANKARPUR      ,4
NAYA NANGAL    ,2
PULICHERLA     ,2
KURUMURTHI     ,1
GHORPURI       ,6
DHANA KHERLI   ,2
GULLIPADU      ,2
BAR            ,2
MAHANAGAR      ,2
CHIT BARAGAON  ,2
BANTAWALA      ,6
HANUMANGARH JN ,16
DIGSAR         ,4
ERODE JN       ,162
CHAIBASA       ,6
JEONARA PH     ,3
BADNERA JN     ,92
VENKATAGIRI    ,18
BHAROLI        ,2
BARELIPUR      ,2
VILAD          ,6
SISARKA        ,2
MAKHU          ,6
BETAMCHERLA    ,14
SUKINDA ROAD   ,4
MAHENDRAGARH   ,12
HADAPSAR       ,8
LAGARGAWAN     ,2
KANJARI BORIYAV,10
RAMKOLA        ,2
MATHURA CANT   ,6
RECHNI ROAD    ,3
RANGAREDDY GUDA,1
YELGUR         ,2
SENCHOA JN     ,2
BAREJADI       ,9
SAI P NILAYAM  ,28
UNJHA          ,26
WADHWAN CITY   ,7
SHRIDHAM       ,25
TWINING GANJ   ,8
MIRZAPALLI     ,8
BHIMKHOJ       ,2
TIRUNNAVAYA    ,4
BARSOI JN      ,68
BINA MALKHEDI  ,20
SRIVAIKUNTAM   ,2
BAMLA          ,2
PALI A         ,1
NAWAGAON       ,5
BHADROLI       ,2
NAKKANADODDI   ,4
INDRABIL       ,4
HBL NAGAR      ,2
JAITSAR        ,2
CHALISGAON JN  ,45
MANTATTI       ,2
TIRORA         ,16
TALOJA PANCHAND,4
KAPSETI        ,6
ALWAR          ,60
VEER           ,8
ZANGALAPALLE   ,6
KHANNA BANJARI ,4
MURLIGANJ      ,2
BIR            ,1
NSC BOSE J GOMO,50
MAMANDURU      ,2
YERRAGUDIPAD   ,2
KOLANUKONDA    ,1
MAHE           ,26
BIRAMBAD       ,2
PATHSALA       ,2
KANDEL ROAD    ,2
BELAPUR        ,42
BILPUR         ,8
FIROZPUR CANT  ,18
DONKINAVALASA  ,4
CANCONA        ,10
DAGORI         ,1
SATROD         ,4
WANI           ,2
GULEDAGUDDA RD ,6
TIRUVALLA      ,63
TALEGAON       ,12
KANAS ROAD     ,2
HOSUR          ,21
SALAGAON       ,1
SARWARI        ,6
THALLAK        ,2
BISAPURKALAN   ,2
SBEWBABUDIH    ,2
TUTICORIN      ,10
RAMESWARAM     ,16
KRISHNA CANAL  ,9
SAKHUN         ,2
RAMANNAPETA    ,7
SONDHA ROAD    ,2
DIGHWARA       ,25
TEHTA          ,2
PAMAN          ,2
BITRAGUNTA     ,24
BHUCHCHU       ,8
SIWAN JN       ,61
KODI           ,6
CHITTAPUR      ,22
THAN JN        ,21
PICHKURIRDHAL  ,2
YAMUNA BDG AGRA,6
TILHAR         ,18
JANAKPUR ROAD  ,10
TAIABPUR       ,2
DHRANGDHRA     ,20
CHARKHI DADRI  ,6
LAKHEWALI      ,2
VIDYASAGAR     ,22
TARUR          ,6
MEGHPURTITODI  ,2
BARIWALA       ,2
VASCO DA GAMA  ,15
TIRUSULAM      ,2
CHEBROL        ,4
RAJA KI MANDI  ,55
MARAUDA        ,2
RASURIYA       ,3
KAKLUR         ,2
DHALPUKHURI    ,2
BETHUADAHARI   ,10
HOLE NARSIPUR  ,12
ADINA          ,2
GUDGERI        ,2
SURAT          ,267
LALGOPALGANJ   ,10
VIDURASWATTHA  ,2
RAJENDRA PUL   ,4
NAINPUR JN     ,9
KARHIYA BHADELI,3
AKIVIDU        ,25
KAMAKHYA       ,90
SUMRERI        ,3
SEORAPHULI     ,12
CLUTTERBUCKGANJ,4
LIMKHEDA       ,4
KALIYANGANJ    ,4
AMBIKA ROHINA  ,2
PARSA KHERA    ,2
PADNUR         ,2
KUMTHA KHURD   ,1
DAUDPUR        ,2
UGAR KHURD     ,4
SALAWAS        ,2
NABIPUR        ,10
BALAGHAT JN    ,7
CHAKSU         ,2
GORAYA         ,11
ABOHAR         ,17
SIRHIND JN     ,48
ADRA JN        ,44
SAFEDABAD      ,1
NARDANA        ,8
VAGDIYA        ,4
RAHIMATPUR     ,5
KULTI          ,13
PUTLACHERUVU   ,2
JAMA           ,2
TARAORI        ,6
JOGIGHOPA      ,2
RAMDEVRA       ,15
EKAMBARAKUPPAM ,8
AMARSAR        ,2
KRISHNAPUR     ,4
MANDI DABWALI  ,12
KOT KAPURA     ,14
KHANDERI       ,2
PANDHURNA      ,64
SARNATH        ,5
CHANGOTOLA     ,3
DATIA          ,34
MERALGRAM      ,4
MUSRA          ,2
GURUVAYUR      ,4
MANAPARAI      ,6
ARIGADA        ,1
MALLAPPA GATE H,4
BIKRAM SHILA   ,4
RANAPRATAPNAGAR,25
PIPLAJ         ,2
JAWAD ROAD     ,7
MOTICHUR       ,3
NIBHAPUR       ,1
KALKUND        ,4
SHRIGONDA ROAD ,8
KASHTI         ,5
POCHARAM       ,4
TANGARMUNDA    ,4
KAMALAPURAM    ,12
DANAULI PHLWRIA,2
NAGAON         ,2
JALIYA DEVANI  ,3
FATEHPUR       ,33
SHAMBHUPURA    ,4
KIRATGARH      ,2
BATASPUR       ,2
THAKURTOTA     ,2
FAKHRABAD      ,3
SOHAGPUR       ,15
MAU JN         ,49
PIPLIA         ,10
AMBALAPUZHA    ,20
SHAKTI NAGAR   ,4
GOMATI NAGAR   ,9
CHIKALTHAN     ,6
SIMURALI       ,1
BIRSINGHPUR    ,23
INTEKANNE      ,2
UPPALA         ,2
NARAYNPUR ANANT,2
POPHLAJ        ,2
JHARIA         ,1
GHADELA        ,4
CHHATNA        ,8
SAHELI         ,2
MAKARPURA      ,2
MEHSI          ,8
KURALI         ,2
MAHADANAPURAM  ,1
G.RAMACHANDRAPU,2
SHADHORAGAON   ,2
TALANDU        ,1
SAMBALPUR ROAD ,24
BIRAPATTI      ,1
JIRWAN         ,4
MOKALSAR       ,8
RAYALCHERUVU   ,6
ORR            ,2
UPPAL          ,2
MEMARI         ,1
PUNDI          ,2
KOTARLIA       ,4
CHUCHURA       ,8
PATHAULI       ,2
CHANGSARI      ,6
KURSELA        ,14
BARAMATI       ,2
